food_name,energy_kcal,carb_g,protein_g,fat_g,fibre_g
"Amaranth seed, black (Amaranthus cruentus)",356.11,59.98,14.59,5.74,7.02
"Amaranth seed, pale brown (Amaranthus cruentus)",355.87,61.46,13.27,5.56,7.47
Bajra (Pennisetum typhoideum),347.98,61.78,10.96,5.43,11.49
Barley (Hordeum vulgare),315.72,61.29,10.94,1.3,15.64
Jowar (Sorghum vulgare),334.12,67.68,9.97,1.73,10.22
"Maize, dry (Zea mays)",334.12,64.77,8.8,3.77,12.24
"Maize, tender, local (Zea mays)",119.98,22.69,3.57,1.4,3.67
"Maize, tender, sweet (Zea mays)",96.8,16.42,4.16,1.35,3.3
Quinoa (Chenopodium quinoa),328.39,53.65,13.11,5.5,14.66
Ragi (Eleusine coracana),320.74,66.82,7.16,1.92,11.18
Rice flakes (Oryza sativa ),353.72,76.75,7.44,1.14,3.46
Rice puffed (Oryza sativa ),361.85,77.68,7.47,1.62,2.56
"Rice, raw, brown (Oryza sativa )",353.72,74.8,9.16,1.24,4.43
"Rice, parboiled, milled (Oryza sativa )",351.57,77.16,7.81,0.55,3.74
"Rice, raw, milled (Oryza sativa )",356.35,78.24,7.94,0.52,2.81
Samai (Panicum miliare),346.31,65.55,10.13,3.89,7.72
Varagu (Paspalum scrobiculatum),331.73,66.19,8.92,2.55,6.39
"Wheat flour, refined (Triticum aestivum)",351.81,74.27,10.36,0.76,2.76
"Wheat flour, atta (Triticum aestivum)",320.26,64.17,10.57,1.53,11.36
"Wheat, whole (Triticum aestivum)",321.93,64.72,10.59,1.47,11.23
"Wheat, bulgur (Triticum aestivum)",341.77,69.06,10.84,1.45,8.81
"Wheat, semolina (Triticum aestivum)",333.64,68.43,11.38,0.74,9.72
"Wheat, vermicelli (Triticum aestivum)",332.69,70.39,9.7,0.45,9.28
"Wheat, vermicelli, roasted (Triticum aestivum)",340.1,71.42,10.37,0.49,9.55
Foxtail millet (Italian millet),331,60.9,12.3,4.3,8
Proso millet (Panivaragu),341,70.4,12.5,1.1,2.2
"Rice, parboiled, handpounded",349,77.4,8.5,0.6,0
"Rice, raw, handpounded",346,76.7,7.5,1,0.6
"Rice, bran",393,48.4,13.5,16.2,4.3
Barnyard millet (Sanwa millet),307,65.5,6.2,2.2,9.8
"Wheat, germ",397,53.3,29.2,7.4,1.4
Bamboo seeds,367,75.9,13.1,1.2,0.9
Banti,271,74.7,8.3,4.3,0
Buckwheat,323,65.1,10.3,2.4,8.6
Chenopodium album seeds,0,0,14.4,7.3,0
Cowage seed flour,398,55.6,28.2,7,2.2
Daincha seeds,327,45.1,28.1,3.8,8.6
Job's tears,378,63.4,17.5,6,0.5
Oatmeal,374,62.8,13.6,7.6,3.5
Kittul flour,339,81.7,2.4,0.3,0
Lotus seed,346,64,17.2,2.4,2.6
Makhana,347,76.9,9.7,0.1,0
Rajkeera seeds,364,62.7,16.5,5.3,2.7
Water lily seeds,345,75.6,8.3,1,4.2
"Breakfast cereal, crunchy clusters type, without nuts, unfortified",399,71,7.2,11.6,7.2
"Couscous, plain, raw",364,79.2,12,2.1,3.7
"Flour, corn",354,92,0.6,0.7,0
"Flour, gram",353,57,22.7,5.4,10.1
"Flour, rice",366,80.1,6.4,0.8,0
"Pasta, white, dried, raw",343,75.6,11.3,1.6,0
"Porridge oats, unfortified",381,70.7,10.9,8.1,7.8
BLACK RICE,372,79.1,11.6,3.49,4.7
CRACKED WHEAT,350,75,12.5,1.25,12.5
"SWEET SUNNAH, WHOLE BLACK SEEDS NIGELLA SATIVA",400,50,16.67,33.33,0
"ALMOND FLOUR, ALMOND",571,21.43,21.43,50,14.3
"Buckwheat, groats",364,84.9,8.1,1.5,0
"Bengal gram, dal (Cicer arietinum)",329.1,46.72,21.55,5.31,15.15
"Bengal gram, whole (Cicer arietinum)",287.04,39.56,18.77,5.11,25.22
"Black gram, dal (Phaseolus mungo)",324.08,51,23.06,1.69,11.93
"Black gram, whole (Phaseolus mungo)",291.34,43.99,21.97,1.58,20.41
"Cowpea, brown (Vigna catjang)",320.26,54.62,20.36,1.15,11.54
"Cowpea, white (Vigna catjang)",320.26,53.77,21.25,1.14,11.7
"Field bean, black (Phaseolus vulgaris)",276.05,43.46,19.93,0.92,23.4
"Field bean, brown (Phaseolus vulgaris)",282.98,45.24,19.9,0.98,22.4
"Field bean, white (Phaseolus vulgaris)",280.35,44.53,19.84,0.94,22.99
"Green gram, dal (Vigna radiata)",325.76,52.59,23.88,1.35,9.37
"Green gram, whole (Vigna radiata)",293.73,46.13,22.53,1.14,17.04
"Horse gram, whole (Dolicus biflorus)",329.58,57.24,21.73,0.62,7.88
Lentil dal (Lens culinaris),322.41,52.53,24.35,0.75,10.43
"Lentil whole, brown (Lens culinaris)",298.99,48.47,22.49,0.64,16.82
"Lentil whole, yellowish (Lens culinaris)",297.79,47.91,22.87,0.61,16.66
Moth bean (Vigna aconitifolia),308.55,52.09,19.75,1.76,15.12
"Peas, dry (Pisum sativum)",303.29,48.93,20.43,1.89,17.01
"Rajmah, black (Phaseolus vulgaris)",298.03,49.59,19.01,1.62,17.74
"Rajmah, brown (Phaseolus vulgaris)",297.56,48.83,19.5,1.68,16.95
"Rajmah, red (Phaseolus vulgaris)",299.23,48.61,19.91,1.77,16.57
"Red gram, dal (Cajanus cajan)",330.78,55.23,21.7,1.56,9.06
"Red gram, whole (Cajanus cajan)",273.89,42.48,20.47,1.38,22.84
Ricebean (Vigna umbellata),302.34,51.26,19.97,0.74,13.37
"Soya bean, brown (Glycine max)",381.44,12.79,35.58,19.82,21.55
"Soya bean, white (Glycine max)",377.38,10.16,37.8,19.42,22.63
"Bengal gram, roasted",369,58.1,22.5,5.2,1
"Field bean, dry",347,60.1,24.9,0.8,1.4
"Khesari, dhal",345,56.6,28.2,0.6,2.3
Peas roasted,340,58.8,22.9,1.4,4.4
Goa beans,0,0,32.7,18.4,7.2
Malmandi,0,0,26.1,0,0
Sutari,332,60.9,21.5,0.3,4.2
"Beans, chick peas, Kabuli, whole, dried, raw",320,49.6,21.3,5.4,0
"Beansprouts, mung, boiled in unsalted water",25,2.8,2.5,0.5,0
"Flour, soya",409,18.7,34.3,22.4,18
"Peanut butter, smooth",607,13.1,22.8,51.8,6.6
"Peanuts, dry roasted",590,10.3,25.7,49.8,7.6
"Tofu, soya bean, steamed",73,0.7,8.1,4.2,0
BLACK BEANS,55,15.8,3.94,0.79,5.5
"Soybeans, mature seeds, raw",446,30.2,36.5,19.9,9.3
"Chickpeas (garbanzo beans, bengal gram), mature seeds, raw",378,63,20.5,6.04,12.2
ROASTED CHICKPEAS,286,60.71,17.86,7.14,21.4
Agathi leaves (Sesbania grandiflora),70.51,5.21,8.01,1.35,8.6
"Amaranth leaves, green (Amaranthus gangeticus)",30.59,2.28,3.29,0.65,4.41
"Amaranth leaves, red (Amaranthus gangeticus)",33.46,2.37,3.93,0.63,4.91
"Amaranth leaves, red and green mix (Amaranthus gangeticus)",31.55,2.87,3.09,0.53,4.6
"Amaranth spined, leaves, green (Amaranthus spinosus)",26.29,1.61,3.54,0.36,5.1
"Amaranth spined, leaves, red and green mix (Amaranthus spinosus)",23.66,1.45,2.8,0.34,5.57
Basella leaves (Basella alba),19.6,2.01,1.57,0.45,2.21
Bathua leaves (Chenopodium album),27.72,2.56,2.5,0.44,4.01
Beet greens (Beta vulgaris),34.66,3.86,2.38,0.75,3.64
"Betel leaves, big (kolkata) (Piper betle)",48.28,7.37,2.51,0.75,2.12
"Betel leaves, small (Piper betle)",43.74,6.16,2.62,0.75,1.97
Brussels sprouts (Brassica oleracea var. gemmifera),44.22,5.09,4.26,0.5,4.29
"Cabbage, Chinese (Brassica rupa)",17.93,2.36,1.58,0.13,2.01
"Cabbage, collard greens (Brassica oleracea var. viridis)",30.11,2.79,3.63,0.27,2.98
"Cabbage, green (Brassica oleracea var. capitata f. alba)",21.51,3.25,1.36,0.12,2.76
"Cabbage, violet (Brassica oleracea var. capitata f. rubra)",23.18,3.54,1.39,0.21,2.21
Cauliflower leaves (Brassica oleracea var. botrytis),35.37,3.39,3.9,0.42,3.43
"Colocasia leaves, green (Colocasia esculenta)",43.5,3.69,3.42,1.38,5.6
Drumstick leaves (Moringa oleifera),67.4,5.62,6.41,1.64,8.21
Fenugreek leaves (Trigonella foenum graecum),34.42,2.17,3.68,0.83,4.9
Garden cress (Lepidium sativum),49.71,4.48,5.62,0.8,2.6
"Gogu leaves, green (Hibiscus cannabinus)",36.33,4.06,1.86,1.09,4.59
"Gogu leaves, red (Hibiscus cannabinus)",36.57,4.24,1.85,1.07,3.89
"Knol-Khol, leaves (Brassica oleracea var. gongylodes)",42.54,6.16,3.12,0.35,2.76
Lettuce (Lactuca sativa),21.75,3.01,1.54,0.27,1.79
Mustard leaves (Brassica juncea),30.35,2.41,3.52,0.51,3.92
Pak Choi leaves (Brassica rapa var. chinensis),16.01,1.78,1.41,0.25,1.91
Parsley (Petroselinum crispum),72.9,9.43,5.55,1.14,3.87
Ponnaganni (Alternanthera sessilis),50.91,5.17,5.29,0.71,6.74
"Pumpkin leaves, tender (Cucurbita maxima)",44.22,4.75,4.21,0.74,2.25
Radish leaves (Raphanus sativus),26.05,2.77,2.22,0.51,1.82
Rumex leaves (Rumex patientia),19.6,2.33,1.62,0.33,1.27
Spinach (Spinacia oleracea),24.38,2.05,2.14,0.64,2.38
"Tamarind leaves, tender (Tamarindus indica)",71.46,10.04,5.84,0.49,10.7
Ambat chuka,15,1.4,1.6,0.3,0.6
Bengal gram leaves,97,14.1,7,1.4,2
Bottle gourd leaves,39,6.1,2.3,0.7,1.3
Broad bean leaves,71,11.5,5.6,0.3,3.7
Carrot leaves,77,13.1,5.1,0.5,1.9
Celery leaves,37,1.6,6.3,0.6,1.4
Chekkur manis,103,11.6,6.8,3.2,1.4
Colocasia leaves (dried),277,42.3,13.7,5.9,16
Cow pea leaves,38,4.1,3.4,0.7,1.2
Fetid cassia (fresh),49,5.5,5,0.8,2.1
Fetid cassia (dried),292,43.5,20.7,3.9,10.4
Garden sorrel (sepals),25,5.1,0.6,0.2,1.3
Ipomoea stems,19,3.4,0.9,0.2,0
Ipomoea leaves,28,3.1,2.9,0.4,1.2
Kuppameni,64,6,6.7,1.4,2.3
Manathakkali leaves,68,8.9,5.9,1,0
Mayalu,32,4.2,2.8,0.4,0
Modakonthan keerai,61,9.1,4.7,0.6,0
Mukarrate keerai,61,7.2,6.1,0.9,0
Nerringi,68,8.6,7.2,0.5,0
Paruppu keerai,27,2.9,2.4,0.6,1.3
Rape stem,29,4,3.1,0.1,0
Rape leaves,48,5.9,5.1,0.4,1.2
Rape leaves (dried),297,40.7,27,2.9,6.7
Safflower leaves,33,4.5,2.5,0.6,0
Shepu,37,5.2,3,0.5,1.1
Spinach stalks,20,3.8,0.9,0.1,0
Susni sag,46,4.6,3.7,1.4,1.3
Turnip greens,67,9.4,4,1.5,1
Ceylon pasali,31,4.3,1.9,0.7,0
Chimti sag,46,6.9,3.2,0.7,2.1
Giria sag,26,3.6,2,0.4,0.9
Gulcharni,27,4.3,1.3,0.5,1
Kasini keerat,33,4.6,1.9,0.7,0
Katha sag,24,3,1.9,0.5,1.7
Kena sag,22,2.5,2.1,0.4,0.8
Khesari leaves,55,5.5,6.1,1,2.1
Koila karha sag,36,5.2,3,0.4,1.4
Konar sag,62,9.7,3.6,1,5.5
Korla leaves,67,9,6.1,0.7,0
Manal keerai,22,2.3,2.4,0.4,2.2
Mata sag (lupu),303,57.8,7.2,4.8,13.5
Nachukotta keerai,60,9.1,4.3,0.7,0
Neem leaves mature,129,22.9,7.1,1,6.2
Neem leaves tender,158,21.2,11.6,3,2.2
Pacharisi keerai,83,12.3,4.7,1.7,0
Panna keerai,45,6,3.8,0.6,2.3
Parwar sag,55,5.8,5.4,1.1,4.2
Pasarai keerai,42,7.9,1.7,0.4,2.2
Patua sag,63,8.1,5.1,1.1,1.6
Potato leaves,40,3.6,4.4,0.9,1.3
Puliara keerai,60,7.2,4.3,1.5,0
Punnaku keerai,71,10.1,6.1,0.7,0
Perandai,37,7.3,1.2,0.3,1.8
Saravallai keerai,24,3.2,2,0.4,0.9
Sarli sag,86,14.9,4,1.1,1.5
Seemai ponnanganni,50,7.5,3.3,0.8,0
Sinduar sag,38,5.8,2,0.7,1.5
Sinduar wild,29,4.4,1.1,0.8,3.7
Sonchal sag,45,5.6,4.3,0.6,1.2
Soya leaves,72,10.8,6,0.5,0
Sweet potato greens,63,9.7,4.2,0.8,2.4
Thooduvalai keerai,40,4.6,3.9,0.7,2.3
Veethi keerai,90,13.4,7.5,0.7,2.2
Velaikeerai,68,8.8,6.5,0.8,0
Vella keerai,73,8.3,5.6,1.9,0
Water cress,33,4.9,2.9,0.2,0.6
"Broccoli, green, raw",34,3.2,4.3,0.6,4
"Watercress, raw",10,0,1.9,0.3,1.5
Ash gourd (Benincasa hispida),17.45,2.84,0.79,0.14,3.37
"Bamboo shoot, tender (Bambusa vulgaris)",16.25,1.67,1.33,0.35,1.55
"Bean scarlet, tender (Phaseolus coccineus)",42.78,5.16,2.86,0.99,4.5
"Bitter gourd, jagged, teeth ridges, elongate (Momordica charantia)",20.79,2.82,1.44,0.24,3.78
"Bitter gourd, jagged, teeth ridges, short (Momordica charantia)",18.88,2.53,1.34,0.24,3.49
"Bitter gourd, jagged, smooth ridges, elongate (Momordica charantia)",19.36,2.29,1.61,0.26,3.72
"Bottle gourd, elongate, pale green (Lagenaria vulgaris)",10.99,1.68,0.53,0.13,2.12
"Bottle gourd, round, pale green (Lagenaria vulgaris)",13.62,2.53,0.42,0.12,2.1
"Bottle gourd, elongate, dark green (Lagenaria vulgaris)",12.91,2.25,0.49,0.13,2.11
Brinjal-1 (Solanum melongena),27.25,3.49,1.77,0.39,3.57
Brinjal-2 (Solanum melongena),23.66,2.71,1.82,0.34,4.01
Brinjal-3 (Solanum melongena),24.38,3.38,1.36,0.33,4.26
Brinjal-4 (Solanum melongena),23.9,3.19,1.51,0.31,4.04
Brinjal-5 (Solanum melongena),26.53,4.02,1.38,0.29,4.13
Brinjal-6 (Solanum melongena),23.18,3.29,1.46,0.29,3.68
Brinjal-7 (Solanum melongena),23.42,3.1,1.4,0.37,3.32
Brinjal-8 (Solanum melongena),27.96,3.75,1.82,0.33,4.01
Brinjal-9 (Solanum melongena),25.33,3.52,1.47,0.35,4
Brinjal-10 (Solanum melongena),27.72,4.08,1.68,0.25,3.9
Brinjal-11 (Solanum melongena),25.1,3.53,1.43,0.31,4.12
Brinjal-12 (Solanum melongena),22.23,2.73,1.6,0.27,3.89
Brinjal-13 (Solanum melongena),29.64,4.51,1.49,0.31,3.92
Brinjal-14 (Solanum melongena),25.33,3.27,1.56,0.35,3.87
Brinjal-15 (Solanum melongena),27.25,3.96,1.58,0.29,3.99
Brinjal-16 (Solanum melongena),24.62,3.46,1.26,0.34,3.74
Brinjal-17 (Solanum melongena),21.75,2.89,1.18,0.36,3.94
Brinjal-18 (Solanum melongena),27.72,4.1,1.47,0.33,4.38
Brinjal-19 (Solanum melongena),23.9,3.39,1.26,0.31,3.97
Brinjal-20 (Solanum melongena),23.66,3.15,1.44,0.34,3.73
Brinjal-21 (Solanum melongena),27.01,3.93,1.36,0.35,3.85
Brinjal - all varieties (Solanum melongena),25.33,3.52,1.48,0.32,3.98
Broad beans (Vicia faba),29.4,2.11,3.85,0.15,8.63
"Capsicum, green (Capsicum annuum)",16.25,1.84,1.11,0.34,2.06
"Capsicum, red (Capsicum annuum)",19.84,2.14,1.47,0.47,2.19
"Capsicum, yellow (Capsicum annuum)",18.64,1.95,1.35,0.41,2.19
Cauliflower (Brassica oleracea var. botrytis),22.94,2.03,2.15,0.44,3.71
Celery stalk (Apium graveolens),16.49,2.33,0.98,0.24,2.09
Cho-cho-marrow (Sechium edule),18.88,3.47,0.66,0.15,1.55
Cluster beans (Cyamopsis tetragonobola),40.15,4.91,3.55,0.37,4.83
"Colocasia, stem, black (Colocasia esculenta)",23.9,3.83,0.76,0.34,3.01
"Colocasia, stem, green (Colocasia esculenta)",19.36,2.86,0.91,0.22,2.33
"Corn, Baby (Zea mays)",73.13,11.66,2.69,1.33,6.09
"Cucumber, green, elongate (Cucumis sativus)",19.6,3.48,0.71,0.16,2.14
"Cucumber, green, short (Cucumis sativus)",17.45,2.82,0.83,0.18,2.13
"Cucumber, orange, round (Cucumis sativus)",19.6,3.01,0.98,0.24,2.46
Drumstick (Moringa oleifera),29.4,3.76,2.62,0.12,6.83
"Field beans, tender, broad (Vicia faba)",30.83,2.75,3.06,0.64,5.64
"Field beans, tender, lean (Vicia faba)",33.46,2.85,3.71,0.6,6.19
"French beans, country (Phaseolus vulgaris)",24.38,2.68,2.49,0.26,4.38
"French beans, hybrid (Phaseolus vulgaris)",22.23,2.63,2.12,0.19,4.18
"Jack fruit, raw (Artocarpus heterophyllus)",26.29,3.48,1.98,0.35,7.69
"Jack fruit, seed, mature (Artocarpus heterophyllus)",76.96,11.81,5.79,0.44,8.63
Knol - Khol (Brassica oleracea),16.01,1.39,1.58,0.35,2.75
"Kovai, big (Coccinia cordifolia)",17.45,2.01,1.39,0.24,3
"Kovai, small (Coccinia cordifolia)",19.12,2.41,1.22,0.24,3.25
Ladies finger (Abelmoschus esculentus),27.49,3.62,2.08,0.22,4.08
"Mango, green, raw (Mangifera indica)",49,10.59,0.69,0.08,3.01
"Onion, stalk (Allium cepa)",25.57,2.99,2.07,0.26,5.21
"Papaya, raw (Carica papaya)",23.9,4.4,0.5,0.23,2.28
Parwar (Trichosanthes dioica),24.14,3.54,1.4,0.3,2.61
"Peas, fresh (Pisum sativum)",81.26,11.88,7.25,0.13,6.32
"Plantain, flower (Musa x paradisiaca)",21.27,2.15,1.47,0.63,5.25
"Plantain, green (Musa x paradisiaca)",79.83,17.58,1.18,0.23,3.6
"Plantain, stem (Musa x paradisiaca)",39.44,8.64,0.35,0.16,2.12
"Pumpkin, green, cylindrical (Cucurbita maxima)",24.62,4.22,0.87,0.18,2.53
"Pumpkin, orange, round (Cucurbita maxima)",23.18,4,0.84,0.16,2.56
"Red gram, tender, fresh (Cajanus cajan)",124.28,19.46,8.09,0.92,5.9
Ridge gourd (Luffa acutangula),13.15,1.72,0.91,0.14,1.81
"Ridge gourd, smooth skin (Luffa acutangula)",15.3,2.24,0.98,0.13,1.85
"Snake gourd, long, pale green (Trichosanthes anguina)",12.43,1.27,0.98,0.25,2.27
"Snake gourd, long, dark green (Trichosanthes anguina)",11.95,1.23,0.89,0.25,2.27
"Snake gourd, short (Trichosanthes anguina)",14.58,2.15,0.54,0.26,2.29
"Tinda, tender (Praecitrullus fistulosus)",13.86,1.9,1.02,0.17,2
"Tomato, green (Solanum lycopersicum)",20.79,3.18,1.12,0.27,1.62
"Tomato, ripe, hybrid (Solanum lycopersicum)",18.88,3.2,0.76,0.25,1.58
"Tomato, ripe, local (Solanum lycopersicum)",19.6,2.71,0.9,0.47,1.77
"Zucchini, green (Cucurbita pepo)",20.08,2.33,1.1,0.51,2.3
"Zucchini, yellow (Cucurbita pepo)",18.88,2.2,1.31,0.44,1.84
Cowpea pods,48,8.1,3.5,0.2,2
Double beans,85,12.3,8.3,0.3,4.3
Drumstick flowers,50,7.1,3.6,0.8,1.3
Ghosala,18,2.9,1.2,0.2,2
Kankoda,52,7.7,3.1,1,3
Karonda fresh,42,2.9,1.1,2.9,1.5
Karonda dry,364,67.1,2.3,9.6,0
Kheksa,29,6.4,0.6,0.1,1.6
"Lakuch, raw",73,13.9,1.6,1.2,2.8
"Lotus stem, dry",234,51.4,4.1,1.3,25
Leeks,77,17.2,1.8,0.1,1.3
Pink beans,44,7,3.1,0.4,2.1
Pumpkin flowers,39,5.8,2.2,0.8,0.7
"Sundakai, dry",269,55,8.3,1.7,17.6
Sword beans,44,7.8,2.7,0.2,1.5
Vegetable marrow,17,3.5,0.5,0.1,0.8
"Water chestnut, dry",330,68.9,13.4,0.8,0
Agathi flowers,26,4.4,1,0.5,0.8
Artichoke,79,16,3.6,0.1,1.2
Bagnaha,1.5,11.5,6.1,3.8,9.6
"Borooee, raw",64,14.1,1.5,0.2,2.3
Chaltha,59,13.4,0.8,0.2,2.5
Kandan kathiri,39,4.8,3.1,0.8,14.2
"Lotus seed, green and mature",57,8.8,3.9,0.7,0.9
Madapu ginja,340,22.4,20.2,18.8,0
Phutka chattoo,75,14.1,3.9,0.4,0
Nisorha flowers,61,9.3,4.7,0.5,3.3
Rhubarb stalks,26,4.3,1.1,0.5,0.3
Sanga ka phal,99,23.1,1.5,0.1,1
Sannhemp flowers,66,10.4,4.8,0.6,3.9
"Sea weeds, fresh",20,3.7,0.8,0.2,0.3
"Sea weeds, dry",255,51.2,10.8,0.8,5
Silk cotton flowers,47,9.5,1.5,0.3,1.6
Tetralobar bean,30,4.8,1.9,0.4,1.8
Water lily flowers,33,5.4,1.6,0.6,0.9
"Curly kale, raw",33,1.4,3.4,1.6,0
"Tomatoes, cherry, raw",22,3.6,1.1,0.5,1.3
"Sweetcorn, kernels, raw",60,8.1,3.4,1.8,0
"Olives, green, in brine, drained, flesh and skin",103,0,0.9,11,0
"Gherkins, pickled, drained",14,2.6,0.9,0.1,1.5
"Pickle, sweet",111,28,0.6,0.1,1.2
PITTED BLACK OLIVES,133,6.67,0,13.33,0
"Beans, broad, whole, raw",59,7.2,5.7,1,0
"Apple, big (Malus domestica)",62.38,13.11,0.29,0.64,2.59
"Apple, green (Malus domestica)",51.15,10.65,0.46,0.5,2.54
"Apple, small (Malus domestica)",63.81,13.95,0.31,0.53,2.06
"Apple, small, Kashmir (Malus domestica)",64.29,13.99,0.27,0.6,2.07
"Apricot, dried (Prunus armeniaca)",315.72,72.63,3.17,0.74,3.32
"Apricot, processed (Prunus armeniaca)",56.4,10.93,1.47,0.64,0.59
Avocado fruit (Persea sp.),144.36,1.75,2.95,13.86,6.69
Bael fruit (Aegle marmelos),135.99,28.21,2.63,0.57,6.31
"Banana, ripe, montham (Musa x paradisiaca)",110.66,24.95,1.25,0.32,2.21
"Banana, ripe, poovam (Musa x paradisiaca)",106.36,23.41,1.49,0.35,2.33
"Banana, ripe, red (Musa x paradisiaca)",111.61,25.21,1.29,0.29,1.98
"Banana, ripe, robusta (Musa x paradisiaca)",105.16,23.63,1.23,0.33,1.94
Black berry (Rubus sp.),54.25,10.64,0.92,0.63,4.35
"Cherries, red (Prunus cerasus)",59.75,11.87,1.49,0.46,2.12
"Currants, black (Ribes nigrum)",54.25,9.93,1.51,0.53,4.07
Custard apple (Annona squamosa),98.95,20.38,1.62,0.67,5.1
"Dates, dry, pale brown (Phoenix dactylifera)",320.26,74.91,2.45,0.35,8.95
"Dates, dry, dark brown (Phoenix dactylifera)",310.94,72.67,2.38,0.35,9.1
"Dates, processed (Phoenix dactylifera)",286.08,67.95,1.18,0.41,6.52
Fig (Ficus carica),81.5,16.28,2.03,0.37,4.64
Goosberry (Emblica officinalis),23.66,4.39,0.34,0.16,7.75
"Grapes, seeded, round, black (Vitis vinifera)",60.71,13.23,0.76,0.32,1.35
"Grapes, seeded, round, green (Vitis vinifera)",56.17,12.19,0.77,0.29,1.25
"Grapes, seeded, round, red (Vitis vinifera)",58.32,12.55,0.95,0.29,1.28
"Grapes, seedless, oval, black (Vitis vinifera)",94.41,20.48,1.41,0.46,1.64
"Grapes, seedless, round, green (Vitis vinifera)",53.54,11.81,0.62,0.26,1.28
"Grapes, seedless, round, black (Vitis vinifera)",89.39,19.86,1.24,0.35,1.15
"Guava, white flesh (Psidium guajava)",32.27,5.13,1.44,0.32,8.59
"Guava, pink flesh (Psidium guajava)",46.61,9.14,1.19,0.25,7.39
"Jack fruit, ripe (Artocarpus heterophyllus)",72.18,14.01,2.74,0.15,3.62
"Jambu fruit, ripe (Syzygium samarangense)",56.17,12.3,0.82,0.17,3.07
Karonda fruit (Carissa carandas),33.7,2.87,1.15,1.67,7.25
"Lemon, juice (Citrus limon)",36.57,6.97,0.41,0.75,0
"Lime, sweet,pulp (Citrus limetta)",27.25,5.18,0.76,0.2,2.07
Litchi (Nephelium litchi),53.78,11.41,0.99,0.26,1.34
"Mango, ripe, banganapalli (Mangifera indica)",41.83,8.18,0.54,0.55,1.88
"Mango, ripe, gulabkhas (Mangifera indica)",49.95,10.32,0.52,0.53,1.67
"Mango, ripe, himsagar (Mangifera indica)",44.69,9.03,0.46,0.54,1.55
"Mango, ripe, kesar (Mangifera indica)",55.21,11.36,0.54,0.57,2.02
"Mango, ripe, neelam (Mangifera indica)",42.54,8.21,0.68,0.55,1.77
"Mango, ripe, paheri (Mangifera indica)",44.93,8.67,0.68,0.58,1.97
"Mango, ripe, totapari (Mangifera indica)",59.27,12.75,0.41,0.49,1.73
Mangosteen (Garcinia mangostana),52.34,11.41,0.63,0.24,1.87
Manila tamarind (Pithecellobium dulce),81.74,13.54,3.56,1.14,4.4
"Musk melon, orange flesh (Cucumis melon)",23.18,4.24,0.42,0.35,1.51
"Musk melon, yellow flesh (Cucumis melon)",27.72,5.4,0.53,0.26,1.49
"Orange, pulp (Citrus aurantium)",37.28,7.92,0.7,0.13,1.29
"Palm fruit, tender (Borassus flabellifer)",24.14,4.92,0.5,0.12,2.4
"Papaya, ripe (Carcia papaya)",23.9,4.61,0.42,0.16,2.83
Peach (Prunus communis),40.15,7.82,0.86,0.37,2.13
Pear (Pyrus sp.),37.52,8.09,0.36,0.27,4.48
Phalsa (Grewia asiatica),71.46,15.09,1.66,0.14,4.54
Pineapple (Ananas comosus),43.02,9.42,0.52,0.16,3.46
Plum (Prunus domestica),56.88,12.1,0.64,0.4,2.07
"Pomegranate, maroon seeds (Punica granatum)",54.73,11.58,1.33,0.15,2.83
Pummelo (Citrus maxima),50.19,10.64,0.68,0.42,0.8
"Raisins, dried, black (Vitis vinifera)",305.68,71.29,2.57,0.34,3.92
"Raisins, dried, golden (Vitis vinifera)",296.6,68.79,2.76,0.35,4.56
Rambutan (Nephelium lappaceum),73.13,16.84,0.68,0.16,1.02
Sapota (Achras sapota),73.37,13.9,0.92,1.26,9.6
Soursop (Annona muricata),62.14,11.94,0.74,0.94,4.95
Star fruit (Averrhoa carambola),26.29,4.51,0.79,0.39,2.81
Strawberry (Fragaria x ananassa),24.62,3.4,0.97,0.56,2.5
"Tamarind, pulp (Tamarindus indica)",288.47,67.35,2.92,0.15,5.31
"Water melon, dark green (sugar baby) (Citrullus vulgaris)",20.32,3.86,0.6,0.16,0.7
"Water melon, pale green (Citrullus vulgaris)",16.73,3.02,0.59,0.16,0.78
Wood Apple (Limonia acidissima),78.15,7.52,3.14,3.62,5.21
Zizyphus (Zizyphus jujube),48.76,9.4,1.34,0.35,3.73
Ambada,48,4.5,0.7,3,1
Amla,58,13.7,0.5,0.1,3.4
Avocado pear,215,0.8,1.7,22.8,0
Banyan tree figs,72,11.8,1.7,2,8.5
Bilimbi,19,3.5,0.5,0.3,1
Bread fruit,71,15.8,1.5,0.2,2.1
Bullock's heart,70,15.7,1.4,0.2,5.2
Cape gooseberry,53,11.1,1.8,0.2,3.2
Grapes blue variety,58,13.1,0.6,0.4,2.8
Grapes pale green variety,71,16.5,0.5,0.3,2.9
Grape fruit marsh's seedless,45,10,1,0.1,0
Grape fruit triumph,32,7,0.7,0.1,0
"Guava, country",51,11.2,0.9,0.3,5.2
"Guava, hill",38,9,0.1,0.2,4.8
Harfarowrie,32,5.9,0.7,0.6,1.1
"Jamb, safed",19,3.7,0.1,0.4,2.2
Korukkapalli,78,16,2.7,0.4,1
Lakuch,66,13.3,0.7,1.1,2
Lemon,57,11.1,1,0.9,1.7
Lemon sweet,35,7.3,0.7,0.3,0.7
"Lichies, bastard",61,13.1,1.4,0.3,0.5
Lime,59,10.9,1.5,1,1.3
Loquat,43,9.6,0.6,0.3,0.8
"Mahua, ripe",111,22.7,1.4,1.6,0
Mulberry,49,10.3,1.1,0.4,1.1
Orange juice,9,1.9,0.2,0.1,0
Palmyra fruit ripe (mesocarp),87,20.7,0.7,0.2,0.5
Palmyra fruit tender,29,6.5,0.6,0.1,0.3
Passion fruit,54,12.4,0.9,0.1,9.6
Passion fruit juice,37,7.7,1.2,0.2,1.2
Persimmon,76,17.9,0.7,0.2,0.9
Prunes,56,12.8,0.5,0.3,0.5
Quince,50,11.9,0.3,0.1,1.7
Raspberry,56,11.7,1,0.6,1
Rose apple,39,8.5,0.7,0.2,1.2
Tomatillo,31,5.8,0.7,0.6,0.6
Tree tomato,35,6.7,1.5,0.2,4.2
Baincha,114,22.7,1.7,1.8,4.7
Bamboo fruit,153,34.2,3.9,0.1,3.9
Blackberry,37,6.7,1.3,0.5,3.8
Borooee,81,17.6,2,0.3,4.7
Carambola,28,6.1,0.7,0.1,0.8
Cherimoyer,89,20.2,1.3,0.3,1.5
Durian,183,34.1,2.8,3.9,0
Gab,113,26.6,1.4,0.1,1.5
Jurmata,195,43.3,4.8,0.3,3.4
Kesaur,75,17,1.6,0.1,0.6
Kila pazham,55,11.5,0.8,0.6,7.3
Kusum fruits,53,9.9,1.5,0.8,0.6
Langsat,44,9.5,0.8,0.3,2.3
"Matasura, whole fruit",59,10.6,1.9,1,13.1
"Matasura, skin and pulp",60,9.1,2.3,1.6,1.7
Mulchari,160,35.9,1.8,1,4.3
Neem fruit,75,15.1,1.3,1,0
Nisorha,65,12.2,1.8,1,0.3
Paniyala,83,19.9,0.5,0.1,1
Papa,182,34.9,3.7,3.1,9.5
Perar,56,12.5,1,0.2,3.9
Pipal tree figs,110,21.2,2.5,1.7,9.9
Piyal,94,19.5,2.2,0.8,1.5
Rayan,134,27.7,0.5,2.4,0
Sirk,158,33.3,3.2,1.3,4.9
Star apple,28,6.3,0.3,0.2,1
Thavittu pazham,47,10.7,0.6,0.2,5.6
Tumki,112,26.8,0.8,0.2,0.8
Vikki pazham,153,36.2,1.4,0.1,1.6
Blueberries,40,9.1,0.9,0.2,1.5
Cranberries,15,3.4,0.4,0.1,0
"Kiwi fruit, flesh only, raw",44,8.6,0.8,0.9,2.7
"Bananas, raw, flesh only, weighed with skin",51,12.8,0.8,0,0.9
"Cherries, West Indian, flesh only",24,5,0.4,0.4,0
"Redcurrants, raw",21,4.4,1.1,0,0
Sultanas,275,69.4,2.7,0.4,0
Amla,58,13.7,0.5,0.1,0
"Peaches, canned in syrup, whole contents",55,14,0.5,0,0
"Pears, canned in juice, whole contents",33,8.5,0.3,0,0
Currants,267,67.8,2.3,0.4,0
"Cherries, glace",294,78.1,0.4,0,0
"Raspberries, raw",52,11.9,1.2,0.65,6.5
DRIED MANGO,350,85,0,0,2.5
"Gooseberries, raw",44,10.2,0.88,0.58,4.3
"Fruit cocktail, canned in juice, whole contents",45,11.7,0.4,0,0
"Orange juice, freshly squeezed",33,8.1,0.6,0,0
"Lemons, flesh only, raw, weighed with peel and pips",9,1.4,0.5,0.2,0
Beet root (Beta vulgaris),35.61,6.18,1.95,0.14,3.31
"Carrot, orange (Daucus carota)",33.22,5.55,0.95,0.47,4.18
"Carrot, red (Daucus carota)",38.24,6.71,1.04,0.47,4.49
Colocasia (Colocasia esculenta),88.91,17.85,3.31,0.17,3.22
Lotus root (Nelumbium nelumbo),79.35,14.67,1.94,0.93,4.7
"Potato, brown skin, big (Solanum tuberosum)",69.79,14.89,1.54,0.23,1.71
"Potato, brown skin, small (Solanum tuberosum)",60.95,12.9,1.35,0.22,1.69
"Potato, red skin (Solanum tuberosum)",73.13,15.43,1.83,0.22,1.68
"Radish, elongate, red skin (Raphanus sativus)",32.03,6.71,0.67,0.13,2.46
"Radish, elongate, white skin (Raphanus sativus)",32.27,6.56,0.77,0.15,2.65
"Radish, round, red skin (Raphanus sativus)",31.07,6.07,0.89,0.16,2.29
"Radish, round, white skin (Raphanus sativus)",30.83,6.13,0.8,0.14,2.37
"Sweet potato, brown skin (Ipomoea batatas)",108.98,24.25,1.33,0.26,3.99
"Sweet potato, pink skin (Ipomoea batatas)",108.03,23.93,1.27,0.33,3.94
Tapioca (Manihot esculenta),79.83,17.81,1.03,0.2,4.61
Water Chestnut (Eleocharis dulcis),95.6,21.46,0.86,0.37,3.02
"Yam, elephant (Amorphophallus campanulatus)",84.37,17.46,2.56,0.14,4.17
"Yam, ordinary (Amorphophallus sp.)",83.41,17.65,2.18,0.17,4.08
"Yam, wild (Dioscorea villosa)",102.77,20.95,3.07,0.3,4.57
Arrow root flour,334,83.1,0.2,0.1,0
Banana rhizome,51,11.8,0.4,0.2,1.1
Khamalu,79,18.1,1.3,0.1,0.1
Parsnip,101,23.2,1.3,0.3,1.7
Radish pink,32,6.8,0.6,0.3,0.6
Radish rat-tailed,25,4.3,1.3,0.3,1.1
Radish table,16,3.2,0.5,0.1,0.6
Tapioca chips dried,338,82.6,1.3,0.3,1.8
Turnip,29,6.2,0.5,0.2,0.9
Bokwa,76,15.5,2.9,0.3,0.9
Budhia,126,29.9,0.7,0.4,1.6
Bid root,203,47.9,2.1,0.3,0.9
"Canna, edible",104,24,1.1,0.4,0.5
Chumbia,124,28.8,1.8,0.2,1.5
Churkia,59,12.8,1.6,0.1,1.2
Epidong sanga,17,1.7,2.2,0.2,2.7
Garwar,49,11.4,0.3,0.2,0
Jipoo sanga,22,4.6,0.6,0.1,0.4
Moor sanga,211,50,2.1,0.3,1.6
Murum sanga,65,14.7,1.4,0.1,0.7
Ochen sanga,37,7.6,1.5,0.1,1.1
Song,134,30.9,2.3,0.1,0.7
Turum sanga,123,28,1.9,0.4,1.6
"Water lily, red",193,43.3,4.1,0.3,1.5
"Water lily, white",142,31.7,3.1,0.3,1.1
"Turnip, flesh only, raw",23,4.7,0.9,0.3,0
"Chillies, green-1 (Capsicum annum)",45.65,6.32,2.62,0.73,4.86
"Chillies, green-2 (Capsicum annum)",39.91,5.27,2.28,0.75,5.13
"Chillies, green-3 (Capsicum annum)",40.39,5.23,2.38,0.75,5.1
"Chillies, green-4 (Capsicum annum)",45.41,6.63,2.33,0.74,4.15
"Chillies, green-5 (Capsicum annum)",43.02,6.64,2.01,0.65,3.95
"Chillies, green-6 (Capsicum annum)",41.83,5.31,3.01,0.64,5.15
"Chillies, green-7 (Capsicum annum)",38.96,5.61,2.12,0.6,4.95
"Chillies, green - all varieties (Capsicum annum)",42.3,5.86,2.36,0.72,4.77
Coriander leaves (Coriandrum sativum),31.07,1.93,3.52,0.7,4.66
Curry leaves (Murraya koenigii),63.57,4.51,7.41,1.06,16.83
"Garlic, big clove (Allium sativum)",123.8,21.93,6.92,0.16,5.22
"Garlic, small clove (Allium sativum)",122.85,21.84,6.75,0.14,5.47
"Garlic, single clove, Kashmir (Allium sativum)",125,23.46,6.12,0.16,4.01
"Ginger, fresh (Zingiber officinale)",54.97,8.97,2.22,0.85,5.36
Mango ginger (Curcuma amada),42.3,6.98,1.45,0.7,4.74
Mint leaves (Mentha spicata ),37.05,2.39,4.66,0.65,5.89
"Onion, big (Allium cepa)",48.04,9.56,1.5,0.24,2.45
"Onion, small (Allium cepa)",56.64,11.58,1.82,0.16,1.16
Asafoetida (Ferula assa-foetida),331.49,71.95,6.34,1.26,5.13
"Cardamom, green (Elettaria cardamomum)",255.01,47.76,8.1,2.6,23.1
"Cardamom, black (Elettaria cardamomum)",270.55,52.53,6.69,2.8,23.46
"Chillies, red (Capsicum annum)",236.61,29.46,12.69,6.4,31.15
Cloves (Syzygium aromaticum),186.66,18.73,5.86,8.41,34.52
Coriander seeds (Coriandrum sativum),268.88,12.98,10.66,17.47,44.81
Cumin seeds (Cuminum cyminum),304.49,22.62,13.91,16.64,30.35
Fenugreek seeds (Trigonella foenum graecum),234.94,10.57,25.41,5.72,47.55
Mace (Myristica fragrans),355.63,26.51,6.24,24.41,20.31
Nutmeg (Myristica fragrans),463.66,27.64,6.3,36.52,11.99
Omum (Trachyspermum ammi),357.31,24.53,15.89,21.11,20.58
Pippali (Piper longum),216.53,35.7,10.53,2.27,34.14
"Pepper, black (Piper nigrum)",217.49,36.22,10.12,2.74,33.16
Poppy seeds (Papaver somniferum),422.55,12.37,20.31,30.38,26.68
Turmeric powder (Curcuma domestica),280.59,49.22,7.66,5.03,21.38
Arisithippili,329,58.4,13.2,4.7,5.2
Chillies dry,246,31.6,15.9,6.2,30.2
Cloves green,159,24.1,2.3,5.9,0
Garlic dry,145,29.8,6.3,0.1,0.8
Lime peel,129,29.4,1.8,0.5,0
Mango powder,337,64,2.8,7.8,13.7
Nutmeg fruit,472,28.5,7.5,36.4,11.6
Nutmeg rind,52,11.2,1,0.4,0
Pepper green,98,13.7,4.8,2.7,6.4
"Spring onions, bulbs only, raw",35,8.5,0.9,0,0
"Agar, dried",16,0,1.3,1.2,0
Fennel seeds,0,0,15.8,14.9,0
"Basil, dried, ground",251,43.2,14.4,4,0
"Bay leaf, dried",313,48.6,7.6,8.4,0
Sesame seeds,598,0.9,18.2,58,0
Mixed curry spices,0,0,13.2,13.3,0
Chilli powder,0,0,13.5,14.3,34.8
Chilli sauce,40,7.3,1.3,0.8,2.2
"Cinnamon, ground",0,0,4,1.2,53.1
Curry powder,233,26.1,9.5,10.8,0
"Mixed herbs, dried",261,36.3,12.1,8.5,0
Garam masala,379,45.2,15.6,15.1,0
Garlic powder,246,42.7,18.7,1.2,0
"Rosemary, dried",331,46.4,4.9,15.2,42.6
"Oregano, dried, ground",0,0,9,4.3,42.5
"Pepper, white",0,0,10.4,2.1,26.2
Salt,0,0,0,0,0
Saffron,310,61.5,11.4,5.9,0
"Thyme, dried, ground",276,45.3,9.1,7.4,37
Vinegar,22,0.6,0.4,0,0
Mustard powder,452,20.7,28.9,28.7,0
Yeast extract,180,3.5,40.7,0.4,0
"SIVA'S, AMHUR POWDER (DRY MANGO POWDER)",360,90,0,0,20
AJWAIN SEED WHOLE ORGANIC SPICES,238,47.62,23.81,0,47.6
STAR ANISE,0,0,0,0,0
"Vinegar, distilled",18,0.04,0,0,0
BALSAMIC VINEGAR,100,20,0,0,0
HIMALAYAN BLACK SALT,0,0,0,0,0
MSG MONOSODIUM GLUTAMATE,0,0,0,0,0
"Capers, canned",23,4.89,2.36,0.86,3.2
RICE VINEGAR,0,0,0,0,0
Vanilla extract,288,12.6,0.06,0.06,0
Paprika,0,0,14.1,12.9,34.9
"Shallots, raw",20,3.3,1.5,0.2,0
"Spring onions, bulbs and tops, raw",23,3,2,0.5,0
"GINGER JUICE, GINGER",67,16.67,0,0,0
"Peppers, jalapeno, raw",29,6.5,0.91,0.37,2.8
"Lemon peel, raw",47,16,1.5,0.3,10.6
"Lemon grass (citronella), raw",99,25.3,1.82,0.49,0
"Orange peel, raw",97,25,1.5,0.2,10.6
"Ginger, ground",284,60,7.4,3.3,14.1
"Spices, onion powder",341,79.1,10.4,1.04,15.2
Almond (Prunus amygdalus),609.21,3.04,18.41,58.49,13.06
"Arecanut, dried, brown (Areca catechu)",350.61,70.42,5.78,4.35,11.44
"Arecanut, dried, red color (Areca catechu)",353,70.27,6.46,4.46,11.11
"Arecanut, fresh (Areca catechu)",244.74,45,2.73,5.51,7.63
Cashew nut (Anacardium occidentale),582.68,25.46,18.78,45.2,3.86
"Coconut, kernal, dry (Cocos nucifera)",624.03,8.01,7.27,63.26,15.88
"Coconut, kernel, fresh (Cocos nucifera)",408.93,6.3,3.84,41.38,10.42
"Garden cress, seeds (Lepidium sativum)",445.26,33.66,23.36,23.74,8.27
"Gingelly seeds, black (Sesamum indicum)",507.64,10.29,19.17,43.1,17.16
"Gingelly seeds, brown (Sesamum indicum)",516.48,9.76,21.61,43.22,17.21
"Gingelly seeds, white (Sesamum indicum)",519.59,10.83,21.7,43.05,16.99
Ground nut (Arachis hypogea),520.06,17.27,23.65,39.63,10.38
Mustard seeds (Brassica nigra),509.55,16.8,19.51,40.19,14.1
Linseeds (Linum usitatissimum),443.82,10.99,18.55,35.67,26.17
"Niger seeds, black (Guizotia abyssinica)",512.42,22.98,18.92,38.61,10.93
"Niger seeds, gray (Guizotia abyssinica)",508.59,20.59,18.34,39.53,10.96
Pine seed (Pinus sp.),594.15,26.77,12.55,48.79,3.79
Pistachio nuts (Pistacla vera),539.42,15.82,23.35,42.49,10.64
Safflower seeds (Carthamus tinctorius),473.46,30.18,17.66,30.87,13.49
Sunflower seeds (Helianthus annuus),586.27,6.85,23.53,51.85,10.8
Walnut (Juglans regia),671.35,10.14,14.92,64.27,5.39
Avocadopear (nut),144,32,2.5,0.7,0
Chilgoza,615,29,13.9,49.3,1
Coconut tender,41,6.3,0.9,1.4,0
Coconut milk,430,11.9,3.4,41,0
Coconut water,24,4.4,1.4,0.1,0
"Coconut meal, deoiled",312,47.9,23.8,2.8,9.8
Groundnut roasted,570,26.7,26.2,39.8,3.1
Groundnut cake,386,38.8,40.9,7.4,3.2
Piyal seeds,656,12.1,19,59.1,3.8
Water melon seeds (kernal),628,4.5,34.1,52.6,0.8
Adda seed (kernel),493,28.6,27.3,29.9,1.1
Jungli badam,0,0,11.4,35.5,0
Oysternut,689,0,29.7,63.3,0
Mango seed kernel,192,35.9,2.6,4.2,0.9
Roselle seeds,399,30.9,20.9,21.3,15.5
Bajjar bhang,392,61.6,17.2,8.5,2.2
Pumpkin seed,584,15.6,24.3,47.2,0.2
Okra (whole seed),0,0,21.1,17.9,23.4
Okra (kernel),0,0,38.9,36.5,0.8
Cleome viscosa defatted seed cake,0,0,20.4,0,7.2
Marking nut (kernel),587,28.4,26.4,36.4,1.4
Melon seeds,583,9.9,28.5,47.7,0
Coconut milk,22,4.9,0.3,0.3,0
"Hazelnuts, kernel only",650,6,14.1,63.5,6.9
"Seeds, lotus seeds, dried",332,64.5,15.4,1.97,0
"MIXED NUTS CASHEWS, ALMONDS, HAZELNUTS, PISTACHIOS, PECANS, MIXED NUTS",607,25,17.86,50,7.1
Chia seeds,534,28.88,18.29,42.16,27.3
ALMOND MILK,17,0.83,0.42,1.25,0.4
"Nuts, coconut water (liquid from coconuts)",19,3.71,0.72,0.2,1.1
Pumpkin seeds,565,15.2,24.4,45.6,0
"Jaggery, cane (Saccharum officinarum)",353.72,84.87,1.85,0.16,0
"Sugarcane, juice (Saccharum officinarum)",57.84,13.11,0.16,0.4,0.56
Sugar cane,398,99.4,0.1,0,0
Honey,319,79.5,0.3,0,0
Jaggery (coconut palm),340,83.5,1,0.2,0
Jaggery (date palm),353,86.1,1.5,0.3,0
Jaggery (fan palm),359,98.5,1,0.1,0
Jaggery (sago palm),349,84.7,2.3,0.1,0
Sago,351,87.1,0.2,0.2,0
"Ice cream, dairy, vanilla, soft scoop",169,22,3.2,8.2,0.2
"Sugar, white",394,105,0,0,0
"Sugar, brown",380,101.3,0.1,0,0
"Sugar, icing",393,104.9,0,0,0
"Syrup, corn, dark",282,76.6,0,0,0
Honey,288,76.4,0.4,0,0
"Sago, raw",355,94,0.2,0.2,0
"Chocolate, plain",510,63.5,5,28,0
"Candies, gum drops, no sugar or low calorie (sorbitol)",354,88.1,0,0.2,0
"TUTTI FRUTTI GUMBALLS, TUTTI FRUTTI",500,100,0,0,0
"Button mushroom, fresh (Agaricus sp.)",27.49,1.98,3.68,0.42,3.11
"Chicken mushroom, fresh (Lactiporus sp.)",21.27,2.76,1.84,0.25,1.99
"Shiitake mushroom, fresh (Lentinula sp.)",58.08,8.98,3.19,0.76,3.02
"Oyster mushroom, dried (Pleurotus sp.)",243.54,33.07,19.04,2.86,39.12
Toddy (Borassus flabellifer),24.14,5.72,0.18,0.03,0
Coconut Water (Cocos nucifera),15.3,3.16,0.26,0.16,0
Pachwai (assam),51,5.8,3,1.8,0.6
"Toddy, fermented",38,1.8,0.1,0.3,0
"Toddy, sweet",59,14.3,0.1,0.3,0
Neera,45,10.9,0.4,0,0
Baking powder,163,37.8,5.2,0,0
Bicarbonate of soda,0,0,0,0,0
"Spirits, 40% volume",222,0,0,0,0
Custard powder,354,92,0.6,0.7,0
Gelatine,338,0,84.4,0,0
"Water, distilled",0,0,0,0,0
"Stock cubes, chicken",0,0,15.4,15.4,0.6
"Stock cubes, vegetable",0,0,13.5,17.3,1.8
"Milk, whole, Buffalo",107.31,8.39,3.68,6.58,0
"Milk, whole, Cow",72.9,4.94,3.26,4.48,0
Paneer,257.88,12.41,18.86,14.78,0
Khoa,315.96,16.53,16.34,20.62,0
Milk ass's,48,6.5,2.1,1.5,0
Milk goat's,72,4.6,3.3,4.5,0
Milk human,65,7.4,1.1,3.4,0
Curds (cow's milk),60,3,3.1,4,0
Butter milk,15,0.5,0.8,1.1,0
"Skimmed milk, liquid",29,4.6,2.5,0.1,0
"Channa, cow's milk",265,1.2,18.3,20.8,0
"Channa, buffalo's milk",292,7.9,13.4,23,0
Cheese,348,6.3,24.1,25.1,0
Khoa (whole buffalo milk),421,20.5,14.6,31.2,0
Khoa (skimmed buffalo milk),206,25.7,22.3,1.6,0
Skimmed milk powder (cow's milk),357,51,38,0.1,0
Whole milk powder (cow's milk),496,38,25.8,26.7,0
"Cheese, Cheddar, English",416,0.1,25.4,34.9,0
"Cheese spread, cream cheese, regular",295,3.5,7.1,28.6,0
"Cheese, cottage, plain",103,3.1,9.4,6,0
"Cheese, Mozzarella, fresh",257,0,18.6,20.3,0
"Cheese, processed, plain",297,5,17.8,23,0
"Cheese, Feta",250,1.5,15.6,20.2,0
"Mayonnaise, standard, retail",686,2.4,1.1,74.8,0
"Milk, condensed, whole, sweetened",310,55.5,7.4,8,0
"Milk, evaporated, light",107,10.3,7.8,4.1,0
"Milk, skimmed, dried, fortified",348,52.9,36.1,0.6,0
"Cheese, Ricotta",144,2,9.4,11,0
"Cream, fresh, whipping",381,2.7,2,40.3,0
"Cheese, provolone",351,2.14,25.6,26.6,0
"Sour cream, regular",198,4.63,2.44,19.35,0
"Cream, fluid, light (coffee cream or table cream)",195,3.66,2.96,19.1,0
"Milk, dry, nonfat, regular, without added vitamin A and vitamin D",362,52,36.2,0.77,0
"Whey, acid, fluid",24,5.12,0.76,0.09,0
"Cheese, cream, low fat",208,6.73,7.85,16.7,0
"Cream, fresh, single",193,2.2,3.3,19.1,0
"Yogurt, whole milk, plain",79,7.8,5.7,3,0
"Milk, buttermilk, fluid, whole",62,4.88,3.21,3.31,0
"Egg, poultry, whole, raw",134.8,0,13.28,9.15,0
"Egg, poultry, white, raw",44.69,0,10.84,0.06,0
"Egg, poultry, yolk, raw",296.84,0,15.74,26.34,0
"Egg, poultry, whole, boiled",147.7,0,13.43,10.54,0
"Egg, poultry, white, boiled",52.58,0,12.37,0.26,0
"Egg, poultry, yolk, boiled",308.31,0,16.13,27.46,0
"Egg, poultry, omlet",169.69,0,16.53,11.6,0
"Egg, country hen, whole, raw",168.26,0,13.14,13,0
"Egg, country hen, whole, boiled",183.31,0,14.43,14.1,0
"Egg, country hen, omlet",204.35,0,14.8,16.3,0
"Egg, duck, whole, boiled",176.38,0,13.8,13.61,0
"Egg, duck, whole, raw",181.64,0,14.6,13.83,0
"Egg, duck, whole, omlet",192.16,0,15.1,14.8,0
"Egg, quial, whole, raw",151.77,0,12.39,11.46,0
"Egg, quial, whole, boiled",154.63,0,13.03,11.5,0
"Egg, turtle",124,3.6,12.2,6.7,0
"Chicken, poultry, leg, skinless",383.6,0,19.44,12.64,0
"Chicken, poultry, thigh, skinless",199.8,0,18.18,14.23,0
"Chicken, poultry, breast, skinless",168.26,0,21.81,9,0
"Chicken, poultry, wing, skinless",192.87,0,17.42,13.81,0
"Poultry, chicken, liver",123.8,0,21.57,4.08,0
"Poultry, chicken, gizzard",92.25,0,18.22,2.07,0
"Country hen, leg, with skin",172.8,0,17.01,11.73,0
"Country hen, thigh, with skin",187.62,0,18.29,12.82,0
"Country hen, breast, with skin",179.97,0,22.08,10.2,0
"Country hen, wing, with skin",182.6,0,18.65,12.09,0
"Duck, meat, with skin",130.73,0,19.07,6.03,0
"Emu, meat, skinless",132.88,0,22.65,4.62,0
"Guinea fowl, meat, with skin",112.09,0,20.52,3.24,0
"Pigeon, meat, with skin",126.19,0,17.94,6.03,0
"Quail, meat, skinless",137.66,0,20.92,5.95,0
"Turkey, leg, with skin",154.63,0,20.3,8.15,0
"Turkey, thigh, with skin",138.86,0,20.46,6.31,0
"Turkey, breast, with skin",160.37,0,21.96,8.04,0
"Turkey, wing, with skin",184.27,0,21.91,10.77,0
Buffalo meat,86,0,19.4,0.9,0
Finch,133,0,26.6,3,0
Fowl,109,0,25.9,0.6,0
Goat meat (lean),118,0,21.4,3.6,0
Grey quail,103,0,21.9,1.7,0
Ruff and reeve,124,0,25.9,2.3,0
"Snail, small",74,3.7,12.6,1,0
"Snail, big",97,12.4,10.5,0.6,0
Turtle's meat,86,1.5,16.5,1.5,0
Venison,97,1.9,21,0.6,0
Boordood,598,0,49.3,44.5,0
Dhauns,82,0,19.6,0.4,0
Field rat's meat,104,0.1,23.6,1,0
Meat of narrow snouted crocodile,87,0.3,20.6,0.4,0
Red ants with egg,131,9.1,13.4,4.6,0
Wood sand piper,117,1.5,22.9,2.1,0
Yeast dried (brewer's),320,39.1,39.5,0.6,0.2
Yeast dried (food),344,46.3,35.7,1.8,0
"Chicken, whole, corn-fed, raw, meat and skin, weighed with bone",142,0,12.2,10.3,0
"Goat, shoulder",188.09,0,20.33,11.94,0
"Goat, chops",135.75,0,20.39,5.98,0
"Goat, legs",159.89,0,22.07,7.94,0
"Goat, brain",127.39,0,13.82,8.06,0
"Goat, tongue",188.57,0,16.63,13.68,0
"Goat, lungs",95.84,0,16.86,3.09,0
"Goat, heart",117.59,0,19.38,4.4,0
"Goat, liver",125.71,0,20.32,4.88,0
"Goat, tripe",92.25,0,15.36,3.36,0
"Goat, spleen",95.84,0,18.45,2.37,0
"Goat, kidneys",89.39,0,15.6,2.93,0
"Goat, tube (small intestine)",125.48,0,12.92,8.26,0
"Goat, testis",71.22,0,12.32,2.39,0
"Sheep, shoulder",200.76,0,18.24,14.31,0
"Sheep, chops",118.54,0,18,5.15,0
"Sheep, leg",163.95,0,21.42,8.69,0
"Sheep, brain",117.59,0,13.05,7.29,0
"Sheep, tongue",187.14,0,16.61,13.53,0
"Sheep, lungs",86.76,0,16.12,2.41,0
"Sheep, heart",106.36,0,18.19,3.66,0
"Sheep, liver",133.6,0,22.26,4.87,0
"Sheep, tripe",103.97,0,16.76,4.05,0
"Sheep, spleen",91.78,0,16.02,3.02,0
"Sheep, kidneys",91.78,0,16.22,2.92,0
"Beef, shoulder",212.47,0,20.56,14.59,0
"Beef, chops",139.82,0,19.82,6.71,0
"Beef, round (leg)",157.26,0,22.64,7.38,0
"Beef, brain",125,0,10.55,9.28,0
"Beef, tongue",174.71,0,15.63,12.57,0
"Beef, lungs",83.89,0,15.66,2.28,0
"Beef, heart",103.49,0,17.68,3.57,0
"Beef, liver",119.26,0,20.73,3.96,0
"Beef, tripe",75.52,0,13.1,2.51,0
"Beef, spleen",90.34,0,17.42,2.22,0
"Beef, kidneys",104.92,0,17.09,4.01,0
"Calf, shoulder",151.29,0,20.98,7.47,0
"Calf, chops",125.24,0,22.47,3.85,0
"Calf, round (leg)",146.99,0,21.1,6.92,0
"Calf, brain",107.07,0,9.84,7.6,0
"Calf, tongue",176.14,0,17.78,11.76,0
"Calf, heart",109.7,0,18.84,3.75,0
"Calf, liver",120.22,0,21.02,3.95,0
"Calf, spleen",90.58,0,17.71,2.12,0
"Calf, kidneys",92.49,0,15.16,3.5,0
"Mithun, shoulder",175.9,0,19.05,11.14,0
"Mithun, chops",128.1,0,18.19,6.12,0
"Mithun, round (leg)",115.92,0,19.61,4.1,0
"Pork, shoulder",237.33,0,17.41,18.83,0
"Pork, chops",178.77,0,19.41,11.3,0
"Pork, ham",240.43,0,18.83,18.55,0
"Pork, lungs",85.56,0,15.13,2.74,0
"Pork, heart",109.22,0,16.31,4.87,0
"Pork, liver",115.68,0,19.89,3.94,0
"Pork, stomach",131.45,0,15.36,7.81,0
"Pork, spleen",85.32,0,15.13,2.71,0
"Pork, kidneys",90.58,0,14.35,3.65,0
"Pork, tube (small intestine)",140.29,0,14.96,8.98,0
"Hare, shoulder",144.12,0,21.13,6.58,0
"Hare, chops",106.36,0,20.62,2.55,0
"Hare, leg",120.22,0,20.52,4.16,0
"Rabbit, shoulder",151.77,0,20.01,7.96,0
"Rabbit, chops",135.04,0,22.61,4.88,0
"Rabbit, leg",139.58,0,21.31,5.99,0
"Mutton, muscle",194,0,18.5,13.3,0
"Bacon rashers, back, raw",215,0,16.5,16.5,0
Ham,107,1,18.4,3.3,0.1
"Lamb, mince, raw",196,0,19.1,13.3,0
Salami,438,0.5,20.9,39.2,0.4
"Sausages, premium, raw",254,2.6,13.8,21,0.5
Allathi (Elops machnata),97.03,0,21.77,0.98,0
Aluva (Parastromateus niger),103.73,0,21.63,1.8,0
Anchovy (Stolephorus indicus),87.71,0,19.88,0.78,0
Ari fish (Aprion virescens ),99.19,0,22.01,1.11,0
Betki (Lates calcarifer),67.88,0,15.28,0.29,0
Black snapper (Macolor niger),90.1,0,19.5,1.24,0
Bombay duck (Harpadon nehereus),68.59,0,13.53,1.03,0
Bommuralu (Muraenesox cinerius),115.92,0,22.3,2.87,0
Cat fish (Tachysurus thalassinus),108.98,0,22.18,2.13,0
Chakla (Rachycentron canadum),97.03,0,20.21,1.68,0
Chappal (Aluterus monoceros ),75.76,0,17.17,0.67,0
Chelu (Elagatis bipinnulata),87.47,0,20.02,0.7,0
Chembali (Lutjanus quinquelineatus),97.03,0,20.06,1.77,0
Eri meen (Pristipomoides filamentosus),108.51,0,22.3,2.02,0
Gobro (Epinephelus diacanthus),86.52,0,19.37,0.88,0
Guitar fish (Rhinobatus prahli),95.6,0,22.56,0.44,0
Hilsa (Tenualosa ilisha),258.84,0,21.8,18.49,0
Jallal (Arius sp.),100.38,0,21.55,1.46,0
Jathi vela meen (Lethrinus lentjan),108.27,0,22.45,1.92,0
Kadal bral (Synodus indicus),87.95,0,18.72,1.34,0
Kadali (Nemipterus mesoprion),126.67,0,22.07,4.2,0
Kalamaara (Leptomelanosoma indicum),125,0,20.89,4.54,0
Kalava (Epinephelus coioides),89.39,0,19.38,1.2,0
Kanamayya (Lutjanus rivulatus),87.71,0,20.19,0.65,0
Kannadi paarai (Alectis indicus),101.1,0,22.09,1.27,0
Karimeen (Etroplus suratensis),92.25,0,19.68,1.38,0
Karnagawala (Anchoa hepsetus),86.76,0,19.52,0.84,0
Kayrai (Thunnus albacores),108.51,0,20.15,3,0
Kiriyan (Atule mate),132.88,0,22.49,4.7,0
Kite fish (Mobula kuhlii),98.71,0,23.07,0.56,0
Korka (Terapon jarbua),126.19,0,23.72,3.36,0
Kulam paarai (Carangoides fulvoguttatus),119.74,0,21.62,3.6,0
Maagaa (Polynemus plebeius),87.47,0,20.11,0.67,0
Mackerel (Rastrelliger kanagurta),101.1,0,21.51,1.53,0
Manda clathi (Naso reticulatus),95.12,0,21.27,1,0
Matha (Acanthurus mata),92.97,0,21.17,0.79,0
Milk fish (Chanos chanos),105.64,0,23.66,1.09,0
Moon fish (Mene maculata),125.71,0,20.74,4.69,0
Mullet (Mugil cephalus),93.93,0,20.23,1.32,0
Mural (Tylosurus crocodilus),82.46,0,19.04,0.58,0
Myil meen (Istiophorus platypterus),97.99,0,22.89,0.56,0
Nalla bontha (Epinephelus sp.),87,0,19.82,0.72,0
Narba (Caranx sexfasciatus),103.25,0,21.95,1.6,0
Paarai (Caranx heberi),103.97,0,21.58,1.84,0
Padayappa (Canthidermis maculata),86.04,0,19.7,0.69,0
Pali kora (Panna microdon),94.17,0,19.25,1.81,0
Pambada (Lepturacanthus savala),128.34,0,21.95,4.44,0
Pandukopa (Pseudosciaena manchurica),86.04,0,19.73,0.65,0
Parava (Lactarius lactarius),111.61,0,21.5,2.74,0
Parcus (Psettodes erumei),86.28,0,19.87,0.62,0
Parrot fish (Scarus ghobban),89.63,0,20.82,0.57,0
Perinkilichai (Pinjalo pinjalo),92.49,0,20.89,0.87,0
Phopat (Coryphaena hippurus),101.34,0,22.05,1.33,0
Piranha (Pygopritis sp.),131.21,0,20.46,5.43,0
"Pomfret, black (Parastromateus niger)",123.09,0,18.91,4.83,0
"Pomfret, snub nose (Trachinotus blochii)",89.63,0,21.05,0.46,0
"Pomfret, white (Pampus argenteus)",122.61,0,19.02,5.12,0
Pranel (Gerres sp.),96.8,0,19.69,1.89,0
Pulli paarai (Gnathanodon speciosus),95.36,0,20.06,1.55,0
Queen fish (Scomberoides commersonianus),95.6,0,20.97,1.17,0
Raai fish (Lobotes surinamensis),102.77,0,21.61,1.69,0
Raai vanthu (Epinephelus chlorostigma),97.99,0,19.39,2.17,0
Rani (Pink perch),90.1,0,18.83,1.49,0
"Ray fish, bow head, spotted (Rhina ancylostoma)",83.41,0,19.03,0.7,0
Red snapper (Lutjanus argentimaculatus),104.44,0,22.79,1.34,0
"Red snapper, small (Priacanthus hamrur)",107.79,0,21.5,2.3,0
Sadaya (Platax orbicularis ),110.42,0,20.68,2.97,0
Salmon (Salmo salar),172.32,0,20.97,9.86,0
Sangada (Nemipterus japanicus),105.88,0,20.26,2.67,0
Sankata paarai (Caranx ignobilis),103.73,0,21.87,1.68,0
Sardine (Sardinella longiceps),152.24,0,17.91,8.99,0
Shark (Carcharhinus sorrah),95.12,0,21.6,0.83,0
"Shark, hammer head (Sphyrna mokarran)",103.25,0,23.4,0.8,0
"Shark, spotted (Stegostoma fasciatum)",91.78,0,20.95,0.75,0
Shelavu (Sphyraena jello),106.59,0,22.46,1.74,0
Silan (Silonia silondia),151.29,0,22.72,6.68,0
Silk fish (Beryx sp.),97.51,0,20.65,1.53,0
Silver carp (Hypophthalmichthys molitrix),132.65,0,21.71,5.17,0
Sole fish (Cynoglossus arel),87.71,0,19.05,1.18,0
Stingray (Dasyatis pastinaca),97.51,0,23.98,0.68,0
Tarlava (Drepane punctata),98.95,0,21.72,1.2,0
Tholam (Plectorhinchus schotaf),103.25,0,20.78,2.13,0
Tilapia (Oreochromis niloticus),83.41,0,18.48,1.08,0
Tuna (Euthynnus affinis),112.33,0,24.5,1.44,0
"Tuna, striped (Katsuwonus pelamis)",96.32,0,21.28,1.12,0
Valava (Chirocentrus nudus),97.99,0,21.8,1.06,0
Vanjaram (Scomberomorus commerson ),136.23,0,22.28,5.18,0
Vela meen (Aprion virescens),128.34,0,22.16,4.34,0
Vora (Siganus javus),100.86,0,20.14,2.14,0
Whale shark (Galeocerdo cuvier),95.84,0,21.83,0.82,0
Xiphinis (Xiphias gladius),88.43,0,19.82,0.88,0
"Eggs, Cat fish (Ompok bimaculatus)",143.4,0,24.68,5.28,0
Air,89,3.5,15.9,1.3,0
Bacha,147,6.1,18.1,5.6,0
Bam,100,6.9,16.1,0.9,0
Baspata machli,112,0,18.2,4.4,0
"Bata, small varieties",89,2.2,14.3,2.5,0
Beley,75,2.9,14.5,0.6,0
Bhagon fresh,154,3.8,14.8,8.8,0
Bhagon dried,274,1.8,61.5,2.3,0
Bhangan bata,144,6.7,19.4,4.4,0
Bhekti fresh,79,3,14.9,0.8,0
Bhekti dried,266,1.8,60.2,2,0
Bhola,86,3.7,15.2,1.1,0
Big jawed jumper,130,0.1,19.4,5.8,0
Boal,116,7.6,15.4,2.7,0
Blue mussel,72,3.6,9.9,2,0
Chela,103,1.5,14.6,4.3,0
Chela dried,413,0.1,64.8,17,0
Chingai small dried,292,1.9,62.4,3.9,0
"Chingai goda, dried",287,4.6,60,3.2,0
Chital,108,3.1,18.6,2.3,0
Crab muscle,59,3.3,8.9,1.1,0
Crab small,169,9.1,11.2,9.8,0
Folui,109,3.7,19,1,0
Ghol,82,0,18.4,0.9,0
Goggler,93,1,18.7,1.6,0
"Hearing, indian",119,2.2,20.3,3.2,0
Hearing ox-eyed,106,0.8,20.7,2.2,0
Horse mackerel,99,0,21.2,1.6,0
Indian whiting,89,1.6,19.2,0.6,0
Jew fish (kora),83,0.2,18.8,0.8,0
Jew fish (pallikora),100,0,20,2.2,0
Kalabasu,76,2,14.7,1,0
Katla,111,2.9,19.5,2.4,0
Khorsula,117,1.5,16.3,5.1,0
Khoyra fresh,120,5.2,18,3,0
Khoyra dried,296,1.2,58.9,6.2,0
Koi,156,4.4,14.8,8.8,0
Koocha machli,92,2.4,18.7,0.8,0
Lata,97,3.4,19.4,0.6,0
Magur,86,4.2,15,1,0
Mahasole,126,1,25.2,2.3,0
"Mandeli, dried",259,0,52.5,5.4,0
Mrigal,98,3.2,19.5,0.8,0
Mushi dried,312,0,67,4.9,0
"Mussel, fresh water",81,2.1,14.5,1.6,0
"Mutijella, dried",288,3,63.6,2.4,0
Oil sardine,97,0.1,19.6,2,0
Pabda,114,4.6,19.2,2.1,0
Parsey dried,312,3,65,4.4,0
Puti,106,3.1,18.1,2.4,0
Ravas,112,3.3,22.2,1.1,0
Ray,97,2.1,20.9,0.5,0
Ribbon fish fresh,104,0.6,18.1,3.2,0
Ribbon fish dried,383,0,76.1,8.7,0
Sarputi,161,2.3,16.5,9.5,0
"Shrimp (small, dried)",349,0,68.1,8.5,0
Seer,126,0,22.5,4,0
Silver belly,91,0,19.2,1.6,0
Singhala,167,13.9,20.9,3.1,0
Singhi,124,6.9,22.8,0.6,0
Sole (malahar),120,0,19.5,4.7,0
Surmai fresh,92,0,19.9,1.4,0
Surmai dried,210,0,38.6,6.2,0
Tapra (dried) .,334,1,62.3,9,0
Tapsi (dried),343,0,58.5,12.1,0
Tartoor,79,1.2,18.2,0.2,0
Tengra fresh,144,2.3,19.2,6.4,0
Tengra dried,255,0,54.9,3.9,0
Tunny,113,0.9,23.8,1.6,0
White bait,81,2.5,14.5,1.4,0
Crab (Menippe mercenaria),81.98,0,10.23,1.41,0
"Crab, sea (Portunus sanguinolentus)",67.64,0,15.36,0.6,0
"Lobster, brown (Thenus orientalis)",69.79,0,15.96,0.56,0
"Lobster, king size (Thenus orientalis)",89.63,0,18.54,0.78,0
Mud crab (Scylla tranquebarica),45.41,0,10,0.55,0
Oyster (Crassostrea sp.),60.23,2.7,9.51,2.44,0
"Tiger prawns, brown (Solenocera crassicornis)",65.25,0,14.85,0.56,0
"Tiger Prawns, orange (Penaeus monodon)",64.53,0,14.25,0.74,0
"Clam, green shell (Perna viridis )",58.08,0,12.14,0.98,0
"Clam, white shell, ribbed (Meretrix meretrix)",59.75,0,11.82,1.34,0
Octopus (Octopus vulgaris),79.83,0,14.71,1.12,0
"Squid, black (Loligo sp.)",80.07,0,16.1,1.07,0
"Squid, hard shell (Sepia pharaonis)",76.48,0,16.82,0.93,0
"Squid, red (Loligo duvaucelii)",78.63,0,16.25,1.44,0
"Squid, white, small (Uroteuthis duvauceli )",84.37,0,17.41,1.15,0
Cat fish (Tandanus tandanus),123.8,0,15.86,6.24,0
Catla (Catla catla),94.17,0,17.94,2.15,0
Freshwater Eel (Anguilla anguilla),107.79,0,20.41,2.63,0
Gold fish (Carassius auratus),94.64,0,16.91,2.94,0
Pangas (Pangasianodon hypophthalmus),203.63,0,17.12,16.77,0
Rohu (Labeo rohita),102.29,0,19.71,2.39,0
Crab (Pachygrapsus sp.),78.15,0,13.23,0.89,0
"Prawns, big (Macrobrachium rosenbergii)",90.82,0,19.24,0.52,0
"Prawns, small (Macrobrachium sp.)",70.98,0,13.07,0.78,0
Tiger prawns (Macrobrachium sp.),67.88,0,14.24,0.66,0
Butter,729,0,0,81,0
Ghee (cow),900,0,0,100,0
Ghee (buffalo),900,0,0,100,0
Hydrogenated oil (fortified),900,0,0,100,0
"Cooking oil (groundnut, gingerly, palmolein, mustard, coconut, etc)",900,0,0,100,0
"Butter, salted",744,0.6,0.6,82.2,0
"Butter, unsalted",744,0.6,0.6,82.2,0
"Oil, olive",899,0,0,99.9,0
MARGARINE,714,0,0,78.57,0
"Ghee, butter",878,0,0.1,97.6,0
"Oil, coconut",899,0,0,99.9,0
"Oil, sunflower",899,0,0,99.9,0
"Oil, sesame",898,0,0.2,99.7,0
"Oil, mustard",884,0,0,100,0
"Biscuits, digestive, plain",463,65.6,6.2,21.3,3.8
"Bread, brown, average",207,42.1,7.9,2,5
"Bread, brown, toasted",266,54,10.1,2.6,6.4
Cream of tartar,239,0,0,0,0
HOT DOG BUNS,245,45.28,9.43,2.83,1.9
WHITE HAMBURGER BUNS,256,48.84,9.3,3.49,2.3
WHOLE WHEAT HAMBURGER BUNS,245,45.28,11.32,3.77,5.7
"Wafers, plain ice cream wafers, not filled",368,79.7,10.5,3,3.4
"Bread, white, average",236,48.7,8.7,2.1,2.9
"Apple juice, clear, ambient and chilled",37,9.7,0.1,0,0
Cocoa powder,312,11.5,18.5,21.7,0
"Coffee, powder, instant",75,4.5,14.6,0,0
Cola,41,10.9,0,0,0
"Drinking chocolate, powder",377,79.7,6.4,5.8,0
"Energy drink, carbonated",42,11.1,0,0,0
"Fruit cocktail, canned in syrup, whole contents",57,14.8,0.4,0,0
"Fruit juice drink/squash, diluted",7,1.8,0,0,0
"Fruit juice drink/squash, undiluted",34,8.9,0.1,0,0
"Pineapple juice, unsweetened",41,10.5,0.3,0.1,0
"Tea, black, infusion, average",0,0,0.1,0,0
"Tea, green, infusion",0,0,0.1,0,0
"Jelly, made with water",61,15.1,1.2,0,0
Marmalade,261,69.5,0.1,0,0.5
JAM,200,50,0,0,0
STRAWBERRY JAM,225,60,0,0,0
"Sauces, Indian cook in, other",67,8.7,1.4,3.2,2.5
"Soy sauce, light and dark varieties",79,17.9,3,0,0
Tomato ketchup,115,28.6,1.6,0.1,0.9
Tomato puree,67,12.9,4.4,0.2,4.7
"Tomato sauce, homemade",89,8.6,2.2,5.5,0
"White sauce, savoury, made with whole milk, homemade",158,11.6,4.4,10.8,0.3
Worcestershire sauce,113,28.3,1.4,0.1,0
"Dips, sour-cream based, assorted flavours",360,4,2.9,37,0
"Dressing, thousand island",210,15.9,0.7,16.4,0.4
"Dressing, French",335,11.7,0.3,32.2,0.5
"Mint sauce, homemade",85,19.4,0.8,0.1,0
"Pizza base, raw",290,57.5,7.8,4.8,2.5
MUSTARD SAUCE,643,3.57,3.57,71.43,0
"DIJON MUSTARD, DIJON",100,0,0,0,0
"CAJUN SEASONING, CAJUN",0,0,0,0,0
CREAMED CORN,159,17.7,3.54,7.96,1.8
Hot tea (Garam Chai),16.14,2.58,0.39,0.53,0
Instant coffee,23.16,3.65,0.64,0.75,0
Espreso coffee,51.54,6.62,1.75,2.14,0
Iced tea,10.34,2.7,0.03,0.01,0
Raw mango drink (Aam panna),35.92,9.05,0.16,0.03,0.61
Fruit Punch (with fresh juices),36.12,9.38,0.14,0.03,0.06
Fruit Punch (with squashes),23.13,5.99,0.07,0.02,0.17
Lemonade,20.8,5.48,0.03,0.01,0.02
Lem-o-gin,21.52,5.55,0.08,0.03,0.13
Cumin infused water (Jeere/Zeere ka pani),9.09,1.86,0.17,0.11,0.46
Coco pine cooler,32.75,5.72,0.56,1,0.26
Summer cooler,22.43,5.43,0.37,0.04,0.2
Hot cocoa,90.1,9.23,3.36,4.56,0
Cold coffee with ice cream,67.85,11.24,1.57,2.11,0.01
Banana milkshake (Kele milkshake),65.31,9.15,1.84,2.37,0.26
Mango milkshake (Aam milkshake),56.9,7.23,1.73,2.35,0.26
Pineapple milkshake (Ananas milkshake),55.72,7.62,1.66,2.23,0
Orange milkshake (Narangi milkshake),57.42,7.11,1.86,2.52,0
Egg nog,97.14,8.15,4.78,5.11,0.02
Sweet Lassi (Meethi lassi),35.66,6.51,1.29,0.68,0
Lassi (salted),18.84,1.86,1.35,0.72,0.02
Cheese and chilli sandwich,218.11,27.4,6.8,9.78,2.08
Egg sandwich (Ande ka sandwich),285.96,29.16,8.69,15.8,1.88
Cucumber sandwich (Kheere ka sandwich),188.6,25.77,4.8,8,2.45
Cheese and pineapple sandwich (Cheese aur ananas ka sandwich),257.71,29.1,8.2,12.8,2.33
Cheese and tomato sandwich (Cheese aur tamatar ke sandwich),243.32,26.92,7.92,12.27,1.97
Chicken sandwich,253.27,25.38,13.12,11.75,1.64
Peanut and tomato sandwich (Moongfali aur tamatar ka sandwich),291.43,28.54,9.53,16.14,4.03
Rainbow sandwich,272.75,34.26,7.75,12.54,2.1
Club sandwich,235.32,18.51,7.31,15.12,1.81
Vegetarian club sandwich,198.33,19.68,5.45,11.33,2.06
Pin wheel sandwich,311.52,14,8.77,24.93,0.93
Carrot apple sandwich (Gajar aur seb ka sandwich),214.11,29.04,5.3,9.12,3.66
Salami sandwich,255.59,21.54,8.7,15.51,1.97
Vegetable and mayonnaise sandwich,244.26,23.2,4.47,15.4,2.35
Egg and tomato sandwich (Ande aur tamatar ka sandwich),222.11,25.9,7.66,10.51,1.77
Sweet open sandwich,244.25,39.24,4.99,8.15,2.36
Mushroom and cheese sandwich (toasted),227.42,21.01,7.79,13.01,2.28
Cheese and tomato sandwich (toasted) (Cheese aur tamatar ke sandwich (toasted)),224.58,21.42,6.82,12.95,1.78
Pea potato sandwich (toasted) (Matar aloo ka sandwich),164.9,25.17,4.6,5.43,2.89
Paneer pea sandwich (toasted) (Paneer matar ka sandwich),249.56,24.05,12.4,11.98,2.12
Chicken sandwich (toasted),167.37,18.82,12.08,5.32,1.64
Pea keema sandwich (toasted) (Matar aur keema ka sandwich),171.78,20.26,11.06,5.61,2.45
Classic club sandwich,200.83,18.49,6.74,11.56,1.62
Sesame toast,495.19,11.15,1.9,49.38,1.32
Cracked wheat porridge (Meetha daliya),81.57,8.87,2.64,4.08,0.62
Semolina porridge (Suji/Rava daliya),100.89,12.39,3.75,4.08,0.7
Oatmeal Porridge,72.85,8.77,2.6,3.22,0.39
Cornflakes with milk,117.33,14.95,3.59,5.12,0.78
Rice flakes (Chiwda/Aval),112.44,15.57,3.62,3.99,0.37
Wheat flakes,112.44,15.57,3.62,3.99,0.37
Murmura (Puffed rice),113.32,15.67,3.62,4.04,0.28
Puffed wheat (Murmure/Moori),113.32,15.67,3.62,4.04,0.28
Boiled egg (Ubla anda),45.35,0.12,4.43,3.04,0.11
Fried Egg,223.67,0.31,11.59,19.62,0.29
Poached egg,123.87,0.37,11.98,8.19,0.3
Scrambled egg (Ande ki bhurji),155.97,1.35,10.29,12.21,0.24
Baked egg,218.85,15.42,11.88,12.65,1.03
Plain omelette/omlet,272.41,0.64,9.66,25.74,0.12
Stuffed egg omelette/omlet,203.51,2.3,8.6,17.77,0.75
Pancake,203.36,20.49,5.68,10.82,0.65
Keema pancake,176.27,9.56,9.01,11.25,0.84
Vegetable pancake,125.18,12.24,3.87,6.57,2.48
Jam and fruit pancake,162.02,20.73,3.79,7.01,1.21
Khoa and coconut pancake,271.98,27.32,6.98,15.29,1.65
Brown stock,21.32,0.25,1.95,1.38,0.09
Vegetable stock,17.6,0.96,0.3,1.38,0.38
Chicken stock,29.88,0.37,3.69,1.51,0.1
Clear tomato soup (Tamatar ka soup),80.07,3.45,4.79,12.22,1.96
Lentil soup,31.17,3.94,9.65,11.68,2.57
Chicken consomme (Clear chicken soup),47.94,1.19,11.47,12.02,1.57
Cream of tomato soup,97.81,3.93,4.61,13.12,1.38
Cream of green peas soup,127.84,6.75,7.13,14.78,2.95
Cream of spinach soup,100.54,3.45,5.21,13.31,1.74
Cream of mixed vegetable soup,59.65,4.93,6.84,9.05,2.14
Cream of mushroom soup,117.28,3.74,6.64,15.5,1.34
Chicken sweet corn soup,28.32,1.63,14.48,12.59,0.47
Minestrone soup,42.66,3.71,9.3,11.09,1.92
Egg drop soup,26.64,1.1,12.93,13.52,0.81
Chinese cabbage and meat ball soup,484.31,1.43,5.21,56.57,0.57
French onion soup,55.61,4.28,11.41,14.39,1.01
Hot and sour soup,31.51,1.78,3.12,1.31,0.6
Talaumein soup,35.63,4.17,10.12,12.78,1.94
Cold cucumber soup (Thanda kheere ka soup),48.03,4.58,2.99,1.99,0.88
Cold summer garden soup,49.19,2.65,8.57,14.08,1.86
Chapati/Roti,202.31,35.65,5.88,3.56,6.31
Plain parantha/paratha,298.3,30.69,5.06,16.86,5.43
Potato parantha/paratha (Aloo ka parantha/paratha),205.04,23.92,3.7,10.22,4.18
Radish parantha/paratha (Mooli ka parantha/paratha),183.52,20.54,3.3,9.53,4.32
Cauliflower parantha/paratha (Phoolgobhi ka parantha/paratha),178.07,18.84,3.73,9.47,4.68
Dal parantha/paratha,268.24,30.03,6.78,13.05,6.46
Sprouted moong parantha/paratha,228.59,24.31,4.29,12.43,4.49
Pea parantha/paratha (Matar ka parantha/paratha),190.73,21.51,5.59,8.8,5.61
Keema parantha/paratha,238.09,18.36,9.41,13.91,3.44
Paneer parantha/paratha,262.97,24.33,7.98,14.62,4
Besan and spinach parantha/paratha (Besan aur palak ka parantha/paratha),216.49,21.39,5.54,12.09,4.39
Poori,737.63,8.22,1.35,77.61,1.46
Spinach poori (Palak poori),684.25,7.76,1.42,71.86,1.55
Methi poori,710.02,7.98,1.45,74.6,1.61
Dal stuffed poori,785.16,10.14,2.08,81.69,1.96
Potato stuffed poori (Aloo ki poori),776.74,9.4,1.52,81.35,1.64
Tandoori parantha/paratha,295.37,30.74,5.08,16.51,5.44
Boiled rice (Uble chawal),117.19,25.72,2.6,0.18,1.25
Plain pulao,140.21,21.82,2.34,4.62,1.69
Mixed vegetable pulao,113.05,17.49,2.72,3.33,2.67
Mushroom pulao,124.29,19.02,2.52,4.03,1.88
Sprouted moong pulao,112.97,17.49,2.19,3.61,1.78
Paneer pulao,581.91,8.76,1.98,59.81,0.62
Peanut pulao,193.28,21.18,5.32,9.51,2.9
Navratan pulao,261.71,36.98,6.2,9.45,3.82
Green chickpeas pulao (Choliya pulao/Hare chane ka pulao),173.43,27.57,4.88,4.82,3.15
Mutton biryani/biriyani,190.76,22.5,7.38,7.72,2.42
Vegetable biryani/biriyani,174.61,18.56,3.16,9.51,3.31
"Lemon rice (Pulihora, Elumichai sadam, Chitranna)",176.3,21.62,4.26,7.88,2.52
Sweet rice (Meethe chawal),215.41,42.59,2.1,4.57,1.13
Curd rice (Dahi bhaat/Dahi chawal/ Perugu annam/Daddojanam/Thayir saadam),195.74,32.93,5.75,4.32,2.13
Tamarind rice (Chintapandu pulihora/Puliyodharai/Puli sadam/Huli anna),373.04,65.08,7.45,8.53,5.12
Spanish rice,164.24,31.1,4.19,2.23,2.78
Chinese fried rice,120.58,13.4,4.05,5.43,2.31
Macroni cheese pie,170.63,21.1,5.85,7.48,0.4
Vegetable chowmein,129.71,15.44,3.07,6.36,1.86
Chicken chowmein,151.33,13.3,6.33,8.23,1.64
Cheese noodle ring,133.67,13.96,6.22,6.12,1.27
Spaghetti and cheese balls in tomato sauce,508.32,7.82,2.41,52.08,0.59
Penne platter,177.4,20.87,5.04,8.71,1.09
Pasta hot pot,125.17,11.6,5.84,6.47,0.8
Chicken lasagne,187.49,13.9,10.45,10.36,0.11
Fettuccine with spinach sauce,129.21,12.19,3.1,7.83,0.77
Naan,286.45,51.75,8.05,4.99,1.91
Bhatura,793.2,10.73,1.63,82.56,0.38
Idli,137.54,28.18,4.64,0.33,2.31
Masala dosa,164.58,19.57,3.29,7.84,2.52
Semolina dosa (Suji/Rava dosa),227.05,32.84,7.3,7.12,4.04
Onion tomato uttapam,462.02,11.32,1.91,45.3,1.26
Paneer kaathi roll,285.94,20.1,6.92,19.55,2.4
Makki ki roti,263.97,24.19,3.49,16.85,5.19
Washed moong dal (Dhuli moong ki dal),50,5.91,2.68,1.68,1.17
Washed urad dal (Dhuli urad ki dal),61.32,5.84,2.51,2.98,1.53
Split bengal gram with bottle gourd (Channa dal with ghiya/lauki),73.25,7.1,2.79,3.6,2.72
Dry washed urad,124.71,15.66,6.85,3.5,4.06
Mixed dal,61.93,5.79,2.51,3.1,1.62
Whole moong (Moong ki dal),53.7,5.22,2.25,2.56,2.02
Whole masoor (Masoor ki dal),54.05,5.37,2.28,2.52,1.98
Whole moth (Moth ki dal),55,5.74,2.01,2.62,1.85
Whole urad (Urad ki dal),53.8,5.05,2.21,2.62,2.32
Moti mahal dal (Urad rajmah mix dal),103.13,8.74,3.93,5.66,3.38
Black channa curry/Bengal gram curry (Kale chane ki curry),140.68,14.11,5.67,6.61,7.99
Chickpeas curry (Safed channa curry),163.43,19.98,6.1,6.84,4.73
Lobia curry,148.99,17.88,6.06,5.62,4.57
Soyabean curry,163.28,6.76,10.43,10.19,7.34
Kidney bean curry (Rajmah curry),143.73,16.38,5.95,5.77,5.83
Sambar,96.92,10.57,3.35,4.38,3.52
Besan kadhi with pakodies,403.35,3.56,1.64,42.59,0.81
Khatta channa,202.57,21.14,6.3,10.56,5.26
Sprouted moong dal chat,32.47,6.01,1.35,0.32,1.35
Potato cauliflower (Aloo gobhi),106.18,5.99,1.9,8.13,3.02
Potato capsicum (Shimla mirch aloo),125.53,8.72,1.41,9.33,2.02
Cabbage and peas (Pattagobhi aur matar),63.88,6.24,3.24,2.64,3.99
Carrot and fenugreek leaves (Gajar methi),61.92,4.17,2.1,3.81,4.43
Potato fenugreek (Aloo methi),135.15,8.47,2.25,10.04,2.93
Brinjal bhartha (Baingan ka bhartha),65.12,4.4,1.38,4.48,3.27
Dry potato (Sookhe aloo),103.15,14.38,1.62,4.18,1.88
Beans with coconut (Nariyal aur sem/phali; Beans thoran),131.63,4.39,2.62,11.39,5.59
Cauliflower with coconut (Nariyal ke saath phoolgobhi),132.11,3.99,2.64,11.56,5.27
Carrot and cabbage with coconut (Nariyal ke saath pattagobhi aur gajar),106.61,4.99,1.82,8.62,4.52
Raw turnip with coconut,132.15,5.78,1.8,11.47,2.79
Raw papaya with coconut (Papaya thoran),132.75,5.58,1.54,11.42,4.31
Stuffed okra (Bharwa bhindi),94.34,3.85,2.08,7.66,4.15
Stuffed round gourd (Bharwa tinde),72.8,4.02,1.1,5.75,2.1
Stuffed capsicum (Bharwa shimla mirch),90.94,8.26,1.34,5.7,2.01
Stuffed brinjal (Bharwa baingan),93,3.96,1.53,7.73,4.09
Stuffed tomatoes (Bharwa tamatar),93.35,6.19,3.28,6.06,2.2
Pea potato curry (Aloo matar),100.92,9.74,3.48,5.13,3.61
Pea paneer curry (Matar paneer),134.83,9.29,6.61,7.75,3.3
Pea mushroom curry (Matar mushroom),93.3,7.41,3.87,5.16,3.86
Pea curry (Matar ki sabzi),102.99,9.2,4.51,5.11,4.44
Pea vadi curry,101.95,8.9,4.64,5.08,4.28
Paneer curry,176.52,8.4,7.8,12.38,1.4
Lotus stem curry (Kamal kakdi curry),110.34,9.24,1.53,7.25,3.14
Gravy for kofta,125.59,6.31,1.75,10.35,1.96
Pea kofta curry (Matar kofta curry),595.66,4.17,2.01,63.39,1.7
Spinach kofta curry (Palak kofta curry),571.78,3.56,1.09,61.49,0.92
Paneer kofta curry,670.91,3.27,2.39,72.06,0.4
Lotus stem kofta curry (Kamal kakdi kofta curry),633.56,5.01,0.96,67.76,1.01
Raw banana kofta curry (Kela kofta curry),627.27,3.4,0.62,67.98,0.59
Cauliflower kofta curry (Phoolgobhi kofta curry),641.1,2.62,1.04,69.62,1
Cabbage kofta curry (Pattagobhi kofta curry),639.81,2.87,0.98,69.4,0.9
Ghiya/Lauki Kofta Curry,638.71,2.71,0.89,69.4,0.83
Spinach paneer kofta curry (Palak paneer kofta curry),606.03,2.94,1.43,65.41,0.75
Vegetarian egg kofta curry,627.41,4.26,1.33,67.24,0.64
Baked vegetables,88.99,8.44,3.67,4.44,2.34
Cauliflower musallam (Phoolgobhi musallam),58.83,4.48,1.89,3.55,3.06
Baked vegetables with spinach,77.79,6.93,3.22,4.03,2.33
Baked potato with skin,135.77,11.11,3.43,8.5,1.2
Shepherd's pie (vegetarian),135.63,12.03,5.04,7.3,2.23
Baked brinjal in tomato sauce,38.63,4.13,1.58,1.62,2.34
Dum aloo,682.33,3.33,0.7,74.01,0.68
Spinach paneer (Palak paneer),77.68,4.43,4.03,4.76,1.91
Methi chaman,475.62,2.78,1.54,50.91,0.53
Sarson ka saag,87.84,5.33,3,5.86,3.69
Jackfruit sabzi (Kathal ki sabzi),625.4,3.4,0.69,67.6,1.02
Avial,124.56,8.47,2.46,8.94,5.44
Al yakhani,147.54,4.65,2.86,13.14,1.27
Shahi paneer,156.5,6.64,5.06,12.34,1.4
Paneer in butter sauce,145.61,9.7,6.99,8.81,1.5
Methi malai paneer,194.98,8.15,7.34,14.76,1.47
Chilli paneer,777.51,3.31,2.1,84.01,0.5
Paneer makhana korma,775.82,4.63,3.24,82.76,0.21
Kadhai Paneer,107.99,7.34,4.33,6.81,2.07
Roghan josh,139.59,4.93,9.56,9.02,2.08
Spinach mutton (Palak mutton),80.32,3.45,5.74,4.71,2.23
Pea keema curry (Matar keema ki sabzi),133,6.24,8.43,8.14,2.96
Keema kofta curry,154.45,5.64,9.77,10.39,1.51
Kashmiri mutton koftas (Gushtaba),97.42,3.04,6.33,6.77,0.62
Mutton yakhni,104.13,0.84,8.27,7.7,0.67
Chicken yakhni,99,0.78,10.66,6.1,0.62
Mutton do piaza,183.3,4.14,9.39,14.41,1.93
Mutton chops,663.64,1.48,4.03,71.31,0.17
Shammi kebab,685.69,3.54,4.52,72.61,1.05
Scotch egg,676.89,1.91,4.05,72.62,0.36
Shepherd's pie (with minced meat),142.78,8.06,7.45,8.88,1.05
Chicken curry,129.22,3.38,11.79,7.57,1.41
Tandoori chicken,145.2,2.34,16.26,7.93,0.5
Butter chicken,137,3.74,10.92,8.7,1.32
Chicken kebab,729.41,1.11,3.71,78.89,0.21
Chilli chicken,198.83,2.86,9.57,16.56,0.99
Fried chicken with tomato sauce (Fried chicken tamatar ki chutney kay saath),125.03,2.51,11.48,7.61,1.13
Fish curry (Machli curry),111.13,3.77,8.76,6.69,1.89
Fried fish (Indian style) (Tali hui machli),658.54,5.4,4.35,68.88,0.61
Fried fish and Chips (English Style) (Tali hui machli aur chips),651.75,2.77,3.36,69.69,0.29
Tomato fish,489.79,3.18,2.39,51.91,0.72
Baked fish with cheese sauce,113.96,4.06,8.64,7.02,0.08
Fish tikka,117.33,3.91,16,4.15,1.18
Tandoori fish,95.98,2.37,11.19,4.64,0.58
"Paneer, apple and pineapple salad",95.08,8.35,3.88,5.07,1.65
Russian salad,114.83,6.5,4.26,7.84,2.57
Pasta salad,190.36,12.7,4.15,13.92,0.96
Deviled egg,98.56,2.23,4.97,7.72,1.15
Hawain salad,175.23,14.35,4.27,11.37,3.93
Mixed pulse and vegetable salad,83.12,13.96,4.74,0.84,2.96
Sprouted moong salad,37.81,5.48,2.29,0.74,0.95
Tossed salad,62.96,4.95,1.02,4.22,2.15
Mixed vegetable salad with curd sauce,60.28,7.03,4.23,1.5,3.79
Potato salad (Aloo ka salaad),89.91,11.19,1.4,4.4,1.32
Waldroff salad,141.75,11.02,1.47,10.05,1.87
Coleslaw,76.71,5.59,1.24,5.32,2.34
Fruit salad (Phalon ka salaad),78.14,15.96,0.91,1.22,1.58
Tomato onion raita (Tamatar aur pyaaz ka raita),59,7.08,3.74,1.84,0.97
Peanut raita (Mungfali ka raita),150.39,9.3,8.59,8.98,1.89
Sprouted moong raita,60.89,6.13,4.62,2.19,0.16
Bottle gourd raita (Ghiya/Lauki ka raita),56.31,5.76,3.98,2.07,0.85
Cucumber raita (Kheere ka raita),59.13,6.35,4.04,2.08,0.86
Carrot and spinach raita (Gajar aur palak ka raita),56.83,5.83,4,1.99,1.39
Mint raita (Pudinay ka raita),77.59,7.65,5.64,2.96,0.34
Potato raita (Aloo ka raita),75.38,10.24,4.22,2.04,0.75
Boondi raita,687.72,3.96,2.19,73.83,0.46
Sweet raita (Meetha raita),99.24,17.93,3.24,1.78,1.02
Dahi vadas/Dahi bhalla,667.73,5.49,2.96,70.4,0.97
Gunjia,667.34,5.68,2.98,70.28,1.13
Saunth/Sonth chutney with tamarind/imli,141.53,33.55,1.01,0.15,0.93
Rice kheer (Chawal ki kheer),75.03,10.05,2.3,2.97,0.17
Makhana kheer,107.85,12.88,3.31,5,0.11
Vermicelli kheer (Semiya/Seviyan ki kheer),120.07,15.87,3.35,5,0.5
Semolina kheer (Suji/Rava kheer),113.21,15.88,3.43,4.2,0.51
Paneer kheer,105.31,10.03,4.53,5.37,0.07
Cabbage kheer (Pattagobhi ki kheer),83.51,9.73,2.87,3.8,0.51
Carrot kheer (Gajar ki kheer),85.35,10.09,2.81,3.85,0.73
Cauliflower kheer (Phoolgobhi ki kheer),81.95,8.78,3.04,3.95,0.55
Moong dal kheer,77.16,9.89,2.95,2.97,0.4
Phirni,116.12,16.11,3.49,4.34,0.36
Semolina halwa (Suji ka halwa),225.65,24.67,2.16,13.38,1.86
Shahi suji halwa,382.34,44.44,3.48,21.73,2.96
Carrot halwa (Gajar ka halwa),172.64,18.53,3.11,9.73,2.65
Egg halwa (Ande ka halwa),299.74,39.59,7.85,13.41,0.49
Potato halwa (Aloo ka halwa),151.66,29.18,1.53,3.48,1.64
Pumpkin halwa (Kaddu ka halwa),190.27,27.6,1.33,8.81,2.97
Moong dal halwa,349.8,40.23,8.35,17.68,2.65
Caramel custard (steamed),121.58,15.02,4.97,4.87,0
Baked custard,106.53,9.45,5.41,5.3,0
Soft Custard (stirred),109.18,11.19,5.01,5.07,0
Chocolate ice cream,177.7,15.41,4.47,11.25,0
Mango ice cream,125.69,11.14,3.4,7.62,0.52
Fruit Ice cream (Phalon ka Ice cream),171.46,16.05,4.37,10.38,0.33
Caramel ice cream,173.52,14.81,4.31,11.15,0.08
Lemon souffle,168.51,13.43,6.95,10.02,0
Orange souffle,168.28,14.2,6.8,9.73,0.22
Vanilla souffle,187.85,14.78,7.71,11.19,0
Chocolate souffle,189.32,14.74,7.88,11.36,0
Pineapple souffle,196.14,15.52,8.06,11.72,0
Apple mousse,106.92,12.77,4.21,4.27,1.6
Rich chocolate mousse,188.26,10.84,7.96,12.19,0
Mango mousse,124.98,9.14,3.21,8.47,0.88
Orange and pineapple cream,101.18,11.96,1.44,5.43,1.03
Charlotte rousse,188.29,34.08,3.95,4.78,1.01
Triffle pudding,116.97,18.24,2.93,3.93,0.12
Snow flakes pudding,95.21,8.07,4.67,4.97,0.03
Kulfi,98.43,11.3,3.21,4.7,0.12
Steamed orange pudding,278.03,41.53,2.34,12.04,0.58
Meringue and rice pudding,112.93,14.6,4.84,4.05,0.17
Cheese pudding,285.01,19.27,11.29,18.37,0.05
Chocolate pudding,211.96,29.59,3.55,9.48,0.53
Bread and butter pudding,167.94,19.63,5.59,7.88,0.98
Queen of pudding,132.92,16.35,5.51,5.38,0.27
Pineapple upside down pudding,257.73,35.73,3.15,11.91,0.8
Date and nut pie,322.42,46.86,3.93,13.31,4.13
Stewed apple with custard,92.87,18.36,1.27,1.82,1.01
Apple snowballs,101.51,24.58,0.86,0.31,1.25
Hot orange souffle,179.97,18.77,6.87,8.95,0.29
Hot chocolate souffle,226.09,26.21,6.7,11.1,0.12
Hot vanilla souffle,192.93,21.77,6.87,9.07,0.13
Plain burfi (Burfi),408.32,30.88,9.82,27.96,0.17
Coconut burfi (Nariyal ki burfi),467.64,32.15,8.81,34.63,3.5
Bottle gourd burfi (Ghiya/Lauki burfi),275.96,24.51,5.86,17.68,0.73
Chocolate burfi,339.33,33.15,13,17.86,0
Cashewnut burfi (Kaju burfi/Kaju katli),421.74,37.92,5.48,28.46,1.12
Gram flour burfi (Besan burfi),421.79,46.59,11.19,22.41,3.41
Semolina ladoo with khoya (Suji/Rava aur khoye ke ladoo ),428.71,52.86,6.71,21.86,4.68
Semolina ladoo with coconut (Suji/Rava aur nariyal ke ladoo ),464.43,50.9,5.68,27.03,6.69
Gram flour ladoo (Besan ladoo),476.91,62.61,8.93,22.76,4.43
Sesame ladoo (Til ke ladoo),396.96,43.5,10.7,19.64,7.72
Chenna murki,252.69,36.01,10.46,8.2,0
Milk cake,127.41,9.13,3.01,8.93,0.06
Ghujia/Lavang latika,768.98,13,1.86,78.93,0.52
Gulab Jamun with khoya,586.06,26.09,2.03,53.23,0.07
Mal pua,566.68,17.56,1.71,54.64,0.62
Shahi tukre,189.81,41.46,2.76,2.54,0.51
Potato pakora/pakoda (Aloo pakoda),677.19,6.04,1.9,71.84,1.03
Onion pakora/pakoda (Pyaaz ke pakode),674.61,5.41,1.9,71.84,1.11
Cauliflower pakora/pakoda (Phoolgobhi ke pakode),671.63,4.52,1.98,71.86,1.26
Mixed vegetable pakora/pakoda,673.81,5.12,1.94,71.86,1.13
Spinach pakora/pakoda (Palak pakoda),712.62,4.68,1.96,76.38,1.02
Methi pakora/pakoda (Methi ke pakode),713.25,4.68,2.06,76.39,1.18
Egg pakora/pakoda (Ande ke pakode),710.51,4.48,2.83,75.86,0.86
Bread pakora/pakoda,710.99,8.87,2.57,74.2,1.11
Paneer pakora/pakoda,718.12,5.52,3.27,76.05,0.89
Potato bonda (Aloo bonda),632.84,4.53,1.09,67.8,0.83
Potato samosa (Aloo ka samosa),577.39,9.21,1.71,59.19,1.19
Minced meat samosa (Keema ka samosa),620.99,6.14,4.43,64.26,0.39
Paneer and pea samosa (Paneer matar ka samosa),623.81,8.55,4.02,63.65,1.02
Mathri,805.12,12.32,1.75,83.1,0.6
Khasta kachori,712.73,12.81,2.51,72.27,0.97
Vegetable cutlet,665.45,4.68,1.25,71.33,0.93
Flattened rice cutlet (Chirwa cutlet/Chivda cutlet/Poha cutlet),701.71,7.39,1.76,73.89,0.86
Peanut cutlet (Mungfali ke cutlet),698.77,5.68,2.63,74,1.21
Fish cutlet (Machli ka cutlet),654.64,3.13,2.77,70.11,0.54
Paneer potato cutlet (Paneer aloo cutlet),672.94,5.23,2.47,71.4,0.41
Spinach chickpeas cutlet (Palak channa dal cutlet),688.03,4.93,1.44,73.6,0.93
Cheese toast,785.37,5.49,1.98,84.11,0.31
Vegetable burger,519.93,13.69,3.26,50.63,1.7
Cheese pizza,249.5,30.62,5.79,12.43,1.95
Vegetable seekh kebab,690.73,5.32,1.57,73.72,0.59
Masala vada,826.02,4.06,1.69,89.15,1.07
Peanut sago vada (Sabudana mungfali vada),749.89,7.14,1.01,79.82,0.62
Vegeterian scotch egg,681.67,4.64,2.16,72.77,0.58
Paneer shaslik/tikka,93.85,7.98,5.11,4.49,1.23
Peanut brittle (Moongfali ki chikki),320.46,47.46,6.94,11.13,2.63
Spring roll,623.87,8.56,1.81,64.63,0.67
Dry mango chutney (Sookhe aam ki chutney),298.13,69.17,2.43,0.7,3.74
Peanut chutney (Mungfali ki chutney),258.37,9.87,11.8,19.06,5.73
Coconut chutney (Nariyal ki chutney),265.92,8.29,3.59,25,6.73
Mint and coriander chutney (Pudinay aur dhaniye ki chutney),102.6,21.18,2.81,0.51,4.33
Custard tart,225.6,28.66,3.72,10.73,0.91
Lemon tart,303.35,30.68,6.12,17.45,0.81
Jam tart,360.72,46.18,4.42,17.35,1.14
Orange cream tart,197.16,27.43,2.58,8.72,0.64
Pineapple tart,195.4,28.62,2.29,8.21,0.87
Cheese and mushroom tart,246.1,21.43,5.51,15.28,1.18
Cottage cheese pie,238.98,20.66,7.45,13.83,2.21
Minced meat pie,221.55,18.11,7.38,13.04,2.33
Apple cinnamon pie,258.73,33.68,3.35,12.21,1.77
Lemon meringue pie,224.43,35.11,3.88,8.16,0.44
Chocolate meringue pie,214.76,28.8,4.98,9.17,0.37
Cream puffs,221.33,16,4.7,15.48,0.38
Chocolate eclairs,239.42,26.22,4.24,13.5,0.33
Cheese balls,681.28,4.81,2.21,72.57,0.18
Minced meat patties,265.72,15.25,6.88,19.57,0.77
Cheese patties,324.01,22.23,7.38,22.67,1.24
Hot cheese souffle,177.1,5.41,9.18,13.23,0.12
Hot potato souffle,125.64,8.56,5.51,7.64,0.66
Hot fish souffle,142.92,3.69,11.23,9.24,0.1
Hot spinach souffle,104.25,4.19,5.43,7.24,0.99
Plain cream cake,353.94,47.18,6.18,16.17,0.71
Apple cake (Seb ka cake),290.08,39.48,4.94,12.87,1.22
Marble cake,354.11,46.88,6.3,16.27,0.71
Chocolate cake,335.61,45.14,6.01,15.18,0.64
Orange cake,357.61,48.28,6.1,16.21,0.83
Fruit Loaf,324.19,46.49,5.36,13.31,0.87
Banana cake (Kele ka cake),389.51,40,5.77,23.31,1.14
Chocolate chiffon cake,311.71,37.87,5.76,15.8,0.7
Christmas cake,372.95,48.29,5.49,16.88,1.49
Strawberry and vanilla cake with butter icing,370.54,44.25,3.89,20.39,0.79
Eggless cake,318.08,46.14,8.12,11.75,0.68
Swiss roll,251.87,48.34,7.3,3.77,0.55
Pineapple pastry,208.21,29.04,6.06,7.87,0.72
Black forest pastry,233.55,34.48,6.09,8.46,0.54
Coconut finger,274.86,42.56,7.09,8.86,1.87
Pineapple cake,195.57,23.51,5.01,9.34,0.76
Chocolate walnut cookies (Chocolate aur akhrot ke cookies),424.8,47.1,6.56,23.62,1.54
Chocolate chip cookies,425.29,57.98,5.79,19.38,1.05
Sweet plain biscuit,380.76,50.29,5.86,17.67,1.07
Chocolate biscuit,379.76,51.56,5.88,17.09,1.01
Coconut biscuit (Nariyal ke biscuit),434.98,42.9,5.78,27.16,3.64
Sweet and salty biscuit (Meethay aur namkeen biscuit),407.96,45.09,6.15,22.39,1.68
Peanut biscuit,401.05,46.72,8.45,20.41,2.48
Pin wheel biscuit,404.6,54.56,5.4,18.66,1.16
Saffron biscuit (Kesar biscuit),458.61,59.7,6.05,22.01,1.9
Masala biscuit,393.64,45.18,6.06,20.75,2.14
Ice box cookies,374.24,56.09,5.7,14.44,1.28
Ginger bread man,365,60.26,6.61,11.01,1.6
Danish cookies,475.33,58,5.33,24.92,1.37
Short bread cookies,443.09,64.82,6.03,17.98,1.57
Coffee biscuit,416.57,46.55,6.9,23,1.59
Melting moments,437.91,55.84,5.71,21.78,1.88
Ginger biscuit (Adarak ke biscuit),417.91,58.44,5.98,18.31,1.49
Soyabean muthias,839.33,3.7,2.46,90.45,1.47
Soyabean tikki,698.17,4.39,3.53,74.02,2.2
Soyabean namak paras,838.46,4.65,2.65,89.83,1.41
Peanut burfi (Moongfali ki burfi),550.99,48.14,9.31,36.84,4.09
Spinach peanut namak paras (Palak moongfali namak paras),740.16,6.62,1.65,78.51,0.81
Gram flour and semolina chilla/cheela/savory pancake (Besan suji chilla/cheela),758.89,7.63,2.08,80.04,1.39
Rice moong dal cheela (Chawal aur moong dal ka cheela),798.26,11.13,2.74,82.44,1.18
Split bengal gram sweet rice (Channa dal sweet rice),190.21,41.07,4.15,0.64,2.23
Sweet poori (Meethi poori),782.75,14.26,2.12,79.63,1.54
Wheat flour and moong dal burfi (Atta aur moong dal ki burfi),441.08,60,9.84,18.41,6.02
Spinach burfi (Palak burfi),121.17,12.76,2.71,6.81,1.17
Sweet split chickpea roti (Sweet channa dal roti/Puranpoli),366.59,62.66,9.51,7.93,8.16
Sprouted moong daliya,111.56,14.77,2.81,4.71,3.12
Sprouted moong poha,192.6,26.6,5.59,6.89,3.13
Pearl millet ladoo (Bajra ladoo),319.66,50.98,9.61,8.06,6
Paushtik ladoo,485.87,60.34,7.65,24.98,4.57
Paushtik roti,149.26,26.59,7.17,1.51,5.74
Semolina carrot vada (Suji gajar vada),699.53,6.52,1.56,74.07,1.07
Dhokla,216.49,30.68,13.45,5.28,4.95
Kashmiri tea (Kehwa),24.9,5.23,0.17,0.51,0.16
Steeped hot coffee,15.91,3.01,0.39,0.33,0
Hot chocolate,90.01,9.02,3.43,4.61,0
Cold coffee (with cream),82.76,11.98,1.93,3.29,0
Banana milkshake with ice cream (Kele ka milkshake ice cream ke saath),76.45,11.15,2.01,2.77,0.27
Flavoured milkshake,66.78,8.65,2.06,2.83,0
Jal jeera,30.24,6.7,0.44,0.26,0.95
Gingo,48.02,12.42,0.14,0.06,0.17
Mintade,40.32,10.59,0.03,0.02,0.03
Canjee,6.61,0.44,0.24,0.42,0.36
Cauliflower canjee (Phoolgobhi ki canjee),6.9,0.35,0.39,0.42,0.49
Potato canjee (Aloo canjee),16.26,2.69,0.44,0.39,0.43
Vermicelli porridge (Semiya/Seviyan porridge),78.4,10.56,2.5,2.98,0.48
Semolina upma (Suji/Rava upma),147.89,16.31,3.3,7.49,3.24
Vermicelli upma (Semiya/Seviyan upma),149.11,16.88,3.11,7.45,3.21
Rice upma,151.27,17.96,2.63,7.46,2.12
Bread upma,129.51,12.6,2.8,7.75,1.96
Vegetable upma,146.47,16.46,4.73,6.63,4.19
Poha,294.53,35.05,6.09,14.14,3.72
Vegetable poha,180.52,21.52,4.89,8.07,3.76
Moong dal stuffed cheela/chilla (Moong dal ka cheela/chilla),154.89,19.42,6.97,5.11,4.25
Paneer stuffed cheela/chilla,205.19,19.16,11.44,8.89,4.03
Indian style egg bhujia (Anda bhujia (Indian style)),102.83,3.76,6.1,7.02,1.53
French omelette/omlet,211.04,0.41,10.03,18.86,0.38
Puffy omelette/omlet,188.15,0.08,8.82,16.84,0
Orange omelette/omlet,194.66,1.68,8.93,16.84,0
Cheese and mushroom omelette/omlet,205.63,1.68,9.69,17.82,0.93
Spanish omelette/omlet,157.45,5.1,8.25,11.44,2.54
Mixed stock,25.19,0.33,2.06,1.71,0.15
Meat stock,24.48,0,2.1,1.78,0
White stock,6.99,0.4,0.07,0.56,0.17
Meat consomme (with mutton),29.76,0.51,14.86,13.68,0.71
Consomme au julienne,27.76,1.49,12.49,10.66,1.38
Consomme au vermicelli,29.94,1.3,15.23,12.98,0.81
Green pea soup (Matar ka soup),39.81,3.63,11.06,12.9,2.49
Spinach soup (Palak ka soup),32.59,3.03,10.54,14.26,1.98
Mixed vegetable soup,35.71,2.95,8.22,11.66,1.64
Cheese soup,41.13,1.87,12.39,17.07,1.8
Mulligatawny soup,54.42,8.24,11.26,13.28,2.6
Cream of carrot soup,59.77,5.69,8.27,12.35,1.98
Cream of broccoli soup,56.14,3.72,8.97,12.75,1.89
Cream of potato soup,60.2,6.14,8.1,12.05,1.51
Almond soup (Badam ka soup),78.65,3.68,10.13,13.8,0.91
Cold cucumber cream soup,11.88,1.76,0.34,0.34,0.73
Cold tomato soup,16.9,0.59,0.11,1.56,0.16
Chicken stew,127.55,4.44,7.19,8.91,1.82
Veg paneer stew,145.55,10.22,6.98,8.41,3.08
Onion-green chilli parantha/paratha (Pyaaz aur hari mirch ka parantha/paratha),191.27,26.37,4.37,7.27,5.16
Methi parantha/paratha,148.36,22.19,4.27,4.34,5.09
Bathua poori,598.79,13.85,2.35,59.14,1.87
Gram flour poori (Besan poori),697.66,10.93,2.59,71.51,1.94
Beetroot poori (Chukandar ki poori),527.66,12.29,1.91,52.18,1.4
Peas poori (Matar ki poori),592.83,14.92,3.04,57.69,2.25
Peas kachori (Matar kachori),584.68,13.25,3.21,57.51,2.03
Pizza,146.77,9.94,6.85,8.72,1.71
Bacon and mushroom pancake,157.67,8.47,6.82,10.6,1.59
Cheese and tomato pancake,147.39,10.66,5.15,9.28,1.06
Minced meat pancake (with chicken),116.04,8.18,12.01,10.48,0.7
Eggplant/Brinjal rice (Vangi bhat),184.8,31.74,5.28,3.67,4.44
Kashmiri 'tahar',98.21,19.11,1.95,1.37,0.98
Cumin pulao (Jeera/Zeera pulao),135.24,23.61,2.47,3.2,1.4
Peas pulao (Matar pulao),108.87,18.42,3.89,1.9,3.21
Split bengal gram dal and vegetable pulao (Channa dal and vegetable pulao),116.53,19.72,3.6,2.3,3.16
Black channa pulao/ Bengal gram pulao (Kale chane ka pulao),125.51,21.55,3.44,2.58,2.69
Mutton pulao,130.77,11.26,6.52,10.78,1.65
Chicken pulao,108.24,11.17,6.07,8.48,1.64
Mexican rice,120.57,14.21,4.62,4.88,1.64
Plain khitchdi (Plain khichri/khichdi),57.03,10.04,1.72,1.01,0.85
Instant idli (with semolina),247.29,43.4,9.16,3.61,7.13
Plain dosa,380.91,64.08,10.34,8.43,5.23
Masala dosa mixed vegetable fillings,144.53,23.02,4.84,3.26,4.31
Masala dosa paneer fillings,243.12,29.76,10.31,8.84,3.11
Uttapam,255.95,36.28,6.18,9.03,4.4
Appam,267.7,13.28,3.12,22.63,6.19
Beans and macaroni,136.08,14.24,4.58,7.01,2.05
Spaghetti bolognese,97.43,10.04,9.35,9.51,1.08
Meat and macaroni casserole,161.55,16.12,9.15,10.17,1.19
Spaghetti with meat balls and tomato sauce,158.13,10.46,5.61,10.64,1.11
Spaghetti with paneer balls and tomato sauce,158.54,12.72,3.95,10.44,1.25
Lasagne with meat sauce,63.38,5.38,2.9,3.43,0.47
Lasagne with vegetables,49.23,5.9,1.71,2.16,0.66
Home made egg noodles,240.84,42.92,6.55,4.37,1.6
Sour lentils (Khatti dal),34.79,6.04,2.22,0.12,1.22
Urad special dehusked,69.43,8.86,3.14,2.17,2.5
Arhar with spinach (Arhar dal aur palak),52.84,4.77,2.05,2.76,1.3
Moong dal with vadi,24.08,1,0.4,2.05,0.39
Rasam with tamarind (Puli rasam/ Chintapandu rasam/ Charu/Saaru),26.74,3.37,1.13,0.88,1.6
Rasam with lemon (Nimmakaya rasam/Nimmakaya charu/Elumichai rasam/Nimbe hannina saaru),24.41,2.85,1.11,0.87,1.54
Green gram whole with baghar (Sabut moong dal with tadka),63.43,6.8,3.23,2.48,3.02
Urad sabut special,79.39,5.03,2.33,5.46,2.15
Kabuli channa curry,68.57,7.63,2.92,3.06,1.12
Besan gatte curry,189.38,16.26,7.75,10.72,3.25
Dry masala chops,135.07,3.3,9.08,9.54,0.86
Mutton korma,115.64,2.53,7.09,8.54,0.78
Shahi keema kofta curry,418.13,1.73,4.14,43.83,0.91
Minced meat ball curry,109.79,2.86,6.82,7.85,1.49
Boti kebab,132.86,3.06,9.22,9.27,0.76
Mutton seekh kebab,133.94,3.11,11.25,8.43,1.88
Indian lamb and egg curry (Nargisi kofta),335.75,2.07,3.84,34.7,0.6
Soya chunks sweet and sour (Nutrinugget sweet and sour),500.94,3.27,2.85,55.99,0.86
Soya chunks korma (Nutrinugget korma),131.43,7.67,3.86,9.5,2.57
Mushroom matar,70.77,5.33,2.79,4.11,3.13
Soya chunks and peas (Nutrinugget matar),82.62,5.82,3.03,5.11,2.86
Vegetable yakhni,406.06,1.94,1.18,43.8,0.61
Spinach mushroom (Palak mushroom),47.63,2.95,1.94,2.96,2.27
Vegetarian nargisi kofta curry,332.15,6.58,2.29,32.94,0.86
Roast chicken,199.9,0.1,20.49,13.06,0.03
Shahi chicken masala,163.7,4.07,9.82,12.02,0.96
Tomato chicken,111.68,2.13,10.57,6.71,1.42
Creamy chicken,152.87,3.13,13.52,9.57,0.69
Broccoli chicken ala king,119.56,5.34,7.97,7.57,1.92
Ginger chicken,129.17,5.6,8.24,8.24,1.21
Chicken sweet and sour,445.09,2.67,6.92,47.59,0.58
Chicken korma,147.96,5.43,9.83,9.67,1.82
Bengal fish curry (Bengali machli curry),109.43,4.42,7.26,7.03,1.93
Fish finger,542.9,4.47,5.66,55.82,0.34
Fish in coconut milk (Nariyal ke doodh ke saath machli),86.21,2.73,8.66,4.43,1.52
Prawn curry (with coconut) (Jhinga curry),109.55,3.1,8.54,6.93,1.56
Baked stuffed fish,121.96,2.12,16.14,5.43,0.38
Fish pie,120.9,7.74,9.25,5.77,0.76
Crispy baked fish,138.4,9.59,10.95,6.41,1.21
Fish souffle,139.71,5.14,10.51,8.55,0.19
Potato curry (Aloo ki sabzi),89.56,10.42,1.52,4.47,2.42
Egg curry (Anda curry),117.52,4.03,5.38,8.81,2.09
Vegetable curry with coconut,83.07,7.19,2.77,4.66,3.35
Curd with potatoes (Dahi aloo),59.9,7.15,1.56,2.72,1.19
Potato kofta curry (Aloo kofta curry),455.4,2.78,0.56,49.08,0.56
Yam kofta curry (Zimikand/Suran kofta curry),322.88,3.75,0.71,33.84,1.04
Jackfruit kofta curry (Kathal ka kofta curry),321.08,3.17,0.8,33.83,0.96
Spinach and potato (Palak aloo),57.17,5.91,1.63,2.82,2.04
Mooli bhujia,91.2,4.74,1.69,7.25,2.36
Bathua bhujia,90.9,3.63,2.26,7.29,3.8
Cabbage rolls (dry) ((Pattagobhi rolls) (dry)),142.48,6.09,8.21,9.36,1.84
Cabbage rolls (curry) ((Pattagobhi rolls)(curry)),124.63,7.03,5.76,8.17,2.35
Dry arbi (Sookhi arbi),134.95,11.11,2.12,8.97,2.47
Masala arbi,185.38,16.16,3.01,11.9,3.1
Peas brinjal bhartha (Matar baingan bhartha),84.55,5.02,2.05,6.05,3.63
Okra/Lady's fingers fry (Bhindi sabzi/sabji/subji),110.81,4.5,1.83,9.27,3.57
Crispy okra/Crispy lady's fingers (Karare bhindi),657.76,4.35,1.91,70.4,1.75
Beans foogath,105.06,3.26,2.03,9.22,4.15
Stuffed bittergourd (wet) (Bharwa karele),162.36,4.68,1.36,15.24,2.86
Jackfruit/Kathal (dry),488.97,4.56,0.93,51.78,1.33
Yam fried (Zimikand/Suran fried),491.76,5.47,0.79,51.79,1.44
"Cauliflower, pea and potato bhujia (Phoolgobhi, matar aur aloo bhujia)",95.67,8.23,2.75,5.54,3.26
Vegetable jalfrezi,68.48,5.43,1.4,4.38,2.97
Vegetables stir fry,30.78,3.19,1.04,1.47,1.37
Broccoli delight,40.7,2.34,2.49,2.48,2.83
Dhansak (vegetarian),82.8,7.28,3.32,4.18,4.17
Cauliflower basket,90.95,3.97,5.21,5.88,2.4
Stuffed bottle gourd (Stuffed ghiya/lauki),93.19,4.36,5.84,5.8,1.18
Ducheese potato,140.54,10.94,3.6,9.01,1.29
Roast potatoes,87.32,14.52,1.53,2.35,1.71
Stuffed baked potatoes,100.2,11.03,3.82,4.39,1.31
Potato nests,111.62,11.05,5.71,4.77,2.49
Parsley potato,119.51,13.81,1.49,6.28,1.59
Creamed spinach and mushroom,419.62,3.17,2.28,44.14,1.02
Fricassee of Mushroom,106.66,8.13,3.65,6.63,1.23
Cauliflower au gratin,145.9,9.13,4.45,10.2,1.44
Vegetable and cheese pie,126.88,8.76,4.03,8.28,1.91
Spinach souffle,150.18,6.27,7.36,10.52,1.44
Beetroot and egg salad (Chukandar aur ande ka salad),84.92,3.4,3.36,6.45,0.55
Sour cream potato salad,121.9,9.05,2.89,8.13,1.21
Tossed green salad,49.88,3.82,1.33,3.24,1.33
Spring basket salad,160.46,11.61,3.36,11.3,3.09
Cucumber and yogurt salad (Kheere aur dahi ka salad),36.13,4.72,2.09,0.93,1.66
Chicken and tomato towers,100.55,2.36,6.9,6.99,1.14
Jellied sunshine fruit salad,48.86,4.21,5.85,0.85,1.8
Tomato aspic,50.37,5.02,6.87,0.26,1.58
Frozen frosty fruit salad (Phalon ka salaad),103.51,15.61,1.68,4.17,0.26
French dressing,733.77,3.68,0.32,79.65,0.22
Mayonnaise without eggs,329.05,3.98,2.13,33.84,0.04
Curd dressing,78.8,8.03,5.59,2.9,0.22
Carrot raita (Gajar ka raita),64.78,7.19,4.14,2.19,1.69
Pumpkin raita (Kaddu ka raita),55.6,6.02,3.74,1.88,1.04
Mint and peanut raita (Pudinay aur moongfali ka raita),112.05,7.31,7.05,6.19,1.79
Spinach raita (Palak ka raita),52.75,5.06,3.95,1.86,1.39
Bathua raita,54.4,5.31,4.13,1.76,2.19
Pineapple raita (Ananas ka raita),67.74,8.62,3.9,2.02,1.39
Banana raita (Kele ka raita),89.03,13.51,4.13,2.07,1
Mango raita (Aam ka raita),67.37,8.23,3.9,2.14,0.89
Guava raita (Amarood ka raita),64.36,7.27,4.19,2.07,3
Grapes raita (Angoor ka raita),72.59,9.66,3.98,2.07,0.71
Bottle gourd kheer (Ghiya/Lauki kheer),84.07,10,2.7,3.86,0.55
Pumpkin kheer (Kaddu ki kheer),86.35,10.44,2.76,3.86,0.63
Apple kheer (Seb ki kheer),81.3,11.34,2.14,3.18,0.51
Caramel custard (baked),122.7,14.95,5.11,5.01,0
Vanilla ice cream without egg,228.67,14.21,2.69,18.15,0
Vanilla ice cream with egg,214.85,11.71,4.16,17.02,0
Strawberry ice cream,215.61,12.26,4.15,16.96,0
Chocochip ice cream,241.45,16.75,4.23,17.93,0
Choconut ice cream,273.96,23.13,5.04,18.49,0.51
Pear chocholate sunday,183.49,15.02,2.08,13.11,0.07
Chocolate sauce,263.2,43.21,1.91,10.39,0
Coffee ice cream,150.62,14.09,3.15,9.43,0
Coffee pear alaska,203.99,19.36,2.88,13.22,0.15
Crunchy butterscotch,277.32,19.92,3.11,20.99,0.47
Peach melba ice cream,200.85,16.31,2.06,14.51,0.06
Vanilla ice cream with apples in hot cherry sauce,196.32,22.75,1.73,11.45,0.26
Grape and orange whip,57.39,6.72,1.41,2.62,0.97
Honey banana cream,125.49,13.64,2.78,6.68,0.7
Raspberry bavarian cream,150.1,17.82,3.34,7.88,2.19
Fruit delight,107.09,9.11,2.09,7.09,0.09
Creamy chocolate mousse,230.52,9.53,6.85,18.16,0
Cold lemon souffle,169.87,15.62,5.89,9.78,0
Cold orange souffle,173.19,16.27,5.94,9.82,0.11
Cold pineapple souffle,181.22,16.85,6.23,10.39,0
Cold vanilla souffle,179.54,16.29,6.22,10.32,0
Cold chocolate souffle,187.53,17.22,6.37,10.86,0
Stewed fruit (with pear),74.32,18.22,0.25,0.32,2.84
Apricot fool,240.79,33.64,1.54,11.35,1
Pavlova,200.6,21.84,1.84,12.29,0.06
Apple crumb pudding,220.85,35.17,1.54,8.87,1.33
Steamed cake with chocolate sauce,301.91,29.06,4.49,19.01,0.29
Hot lemon souffle,155.25,16.31,5.29,7.93,0.14
Gulab jamun with milk powder,471.15,28.24,0.85,40.15,0.05
Chum chum,130.05,28.27,1.52,1.92,0.02
Dil bahar,130.05,28.27,1.52,1.92,0.02
Rasbhari,130.05,28.27,1.52,1.92,0.02
Rajbogh,133.7,28.16,1.71,2.28,0.11
Rasgulla,118.64,25.79,1.38,1.75,0.01
Rasmalai,135.55,29.17,1.61,2.11,0.07
Khoa coconut burfi,411.45,36.55,9.98,26.01,4.07
Danedar burfi,102.68,12.33,3.24,4.72,0.09
Semolina burfi (Suji/Rava burfi),348.67,47.1,3.47,16.86,2.8
Pumpkin coconut burfi (Kaddu aur nariyal ki burfi),186.18,17.02,1.75,12.66,4.29
Khoa ladoo,396.02,34.43,12.21,24.09,3.08
Wheat and gram flour ladoo (Atta besan ladoo),501.7,50.5,9.38,29.86,6.01
Semolina ladoo with nuts (Suji/Rava ladoo with nuts),441.84,48.02,5.44,25.45,4.27
Sesame chickpeas brittle (Til aur channe ki chikki),282.74,50.49,8.5,4.66,5.54
Murmura chikki,253.82,59.59,2.12,0.32,0.37
Masala onion pakora/pakoda (Pyaaz ke pakode),551.64,6.48,2.05,57.61,1.44
Masala green chilli pakora/pakoda (Hari mirch kay pakode),668.76,5.55,2.22,71.01,1.34
Chicken pakora/pakoda,590.09,4.55,6.03,60.98,0.96
Fish pakora/pakoda,577.03,4.55,5.97,59.52,0.96
Paneer cutlet,672.2,7.62,4.59,69.38,0.39
Sago cutlet/vadas (Sabudana cutlet/vadas),558.76,11.23,0.56,56.97,0.54
Poshtik cutlet,496.45,7.39,2,50.94,1.35
Egg cutlet (Anda cutlet),575.02,5.77,2.45,60.25,0.58
Minced meat cutlet,531.86,5.61,5.1,54.47,0.4
Vegetable samosa,443.11,13.22,2.21,42.22,1.52
Plain urad dal vada (Uzunne vada/Minapa garelu/Ulundu vadai/Medu vada),745.5,9.7,4.39,76.32,2.27
Masala urad dal vada,703.78,9.93,4.32,71.62,2.71
Khaman (dhokla),54.73,5.36,1.92,2.8,1.49
Instant dhokla,207.11,24.11,7.66,9.37,3.57
Tomato ginger chutney (Tamatar adarak ki chutney),44.66,9.11,1.05,0.32,2.14
Mint tomato chutney (Pudinay aur tamatar ki chutney),43.65,8.22,1.53,0.36,2.63
Coriander chutney (Hare dhaniye ki chutney),42.86,8.16,1.38,0.37,2.47
Gooseberry chutney (Amla chutney),43.02,8.83,1.44,0.62,4.58
Walnut chutney (Akhrot ki chutney),370.43,8.91,9.44,33.46,3.04
Saunth/Sonth chutney with ginger,84.22,20.62,0.28,0.11,0.31
Gun powder chutney,312.34,47.65,21.55,2.67,13.95
Dessicated coconut chutney (Sookhe kase nariyal ki chutney),346.36,36.72,12.88,15.88,13.16
Curd mint dip,76.13,9.11,4.82,2.44,0.77
Curd vegetable dip,56.21,6.04,3.88,1.94,0.63
Mayonnaise vegetable dip,241.27,4.8,3.01,23.44,0.41
Tomato and cucumber sandwich (Tamatar aur kheere ka sandwich),150.68,20.51,4.03,6.31,2.1
Tomato sandwich (grilled),189.92,21.29,6.26,9.39,1.91
French sandwich (toasted),186.75,14.82,6.82,11.51,1.37
Peanut butter cucumber sandwich,243.33,29.76,9.04,10.56,3.35
Mint and peanut sandwich,273.59,31.83,7.18,13.88,3.67
Spicy chutney sandwich,249.58,34.03,8.74,9.58,3.73
Chicken walnut sandwich (Chicken aur akhrot ke sandwich),285.78,22.62,12.58,16.77,1.53
Rolled sandwich,293.07,34.69,6.45,15.29,2.07
Ribbon sandwich,239.26,24.76,6.26,13.37,2.92
Checker board sandwich,348.37,25.94,7.37,24.65,2.22
Submarine sandwich,216.92,13.6,6.09,15.32,1.24
Cheese open sandwich,274.07,28.42,9.84,14.24,1.74
Sunset and sunrise open sandwich,241.31,18.89,8.58,15.14,1.39
Danish luncheon sandwich,193.82,17.77,9.03,10.1,1.52
Chicken and corn open sandwich,188.16,19.21,8.63,8.83,1.67
Chocolate sponge cake,239.86,39.54,9.13,5.51,0.52
Chocolate swiss roll,306.08,26.97,6.01,19.76,0.29
Lemon curd filling,225.62,26.41,3.43,12.58,0
Jam filling,184.62,46.15,0,0,0
Chocolate pastry,243.37,32.24,7.05,10.12,0.32
Assorted pastry,230.74,31.99,6.78,8.91,0.43
Orange gateau,178.05,27.01,4.78,6.02,0.68
Black forest gateau,217.82,30.57,5.94,8.58,0.28
Lemon cake,373.85,43.1,5.29,20.63,0.62
Dundee cake,396.62,41.4,7.78,22.7,1.81
Victorian sandwich cake,373.09,44.74,5.18,19.83,0.59
Chocolate eggless cake,312.01,43.45,6.66,13.19,0.32
Orange eggless cake,355.62,52.65,7.16,13.82,0.56
Chocolate glace icing,436.29,62.43,3.22,20.8,0
Butter icing,500.72,71.64,0.19,25.37,0
Chocolate butter icing,469.59,61.72,3.21,24.77,0
Almond biscuit (Badam ke biscuit),407.74,52.14,6.25,19.7,1.5
Orange biscuit,354.78,62.11,3.63,11.01,0.75
Gingerman biscuit,357.43,55.24,6.26,12.73,2
Coffee drops,443.07,43.06,7.57,27.16,1.88
Christmas biscuit,406.07,60.97,5.67,15.88,2.17
Christmas wreath biscuit,386.05,58.07,5.43,15.01,2.28
Christmas bell biscuit,404.85,60.79,5.66,15.84,2.33
Christmas star biscuit,392.03,74.54,3.54,10.04,1.47
Christmas tree biscuit,385.63,58.41,5.43,15,2.65
Chocolate cream shells,427.17,59.26,5.1,19.34,0.9
Jelly biscuit,404.61,55.24,4.23,19.33,2.02
Cherry and walnut cookies,422.6,59.35,5.63,18.75,1.3
Cheese straws,382,30.61,9.83,24.28,1.29
Butterfly biscuit,341.45,25.33,9.98,22.11,1.02
Flan pastry,445.8,47.84,6.72,25.04,1.58
Fruit flan,261.35,34.71,3.3,12.48,0.71
Orange cream flan,280.28,36.16,4.73,13.59,0.63
Fruit puree tart,286.5,30.42,3.35,16.83,1.31
Apple banana pie,243.99,32.12,3.13,11.39,1.89
Lemon chiffon pie,259.31,27.63,4.88,14.52,0.66
Orange chiffon pie,207.57,23.14,3.89,11.16,0.7
Cream buns,215.74,14.16,4.45,15.81,0.31
Savoury puffs,190.79,10.8,9.51,15.24,0.33
Choux swans,216.34,14.92,4.35,15.6,0.35
Potato aigrettes,530.03,8.01,2.35,54.24,0.45
Cream horns,408.23,23.12,3.42,33.55,0.6
Savoury cheese horns,295.15,21.38,5.66,20.71,0.73
Paneer patties,338.58,22.79,7.6,23.96,1.18
Vegetable patties,261.92,20.98,4.01,17.74,2.62
Pearl millet infant food (Bajra shishu aahaar),362.44,62.1,11.98,6.62,7.84
Sajina,345.26,66.87,10.81,3.03,7.62
Cereal mix,120.81,21.84,3.32,2.02,2.03
Pulse mix,83.29,16,3.16,0.54,2.25
Shishu ahar,93.37,17.42,2.61,1.43,1.02
Cereal pulse mix with amylase rice flour,151.57,27.8,4.27,2.74,3.47
Banana groundnut paste/puree,213.19,36.15,4.27,5.45,1.7
Rice dal porridge (Chawal dal ki khichdi/khichri),383.33,65.04,10.8,8.33,4.51
Lentils and semolina porridge (Dal suji porridge/daliya),117.29,23.19,3.26,1.06,1.44
Spinach khichri (Palak khichri/khichdi),102.18,17.35,3.43,1.91,1.56
Vegetable mix,174.21,36.02,4.7,0.94,1.93
Lentils and wheat porridge (Dal wheat porridge/daliya ),52.54,8.36,2.71,0.94,1.28
Maize porridge,89.57,15.64,2.14,1.89,1.68
Spinach peanut burfi (Palak aur mungfali ki burfi),105.37,13.59,3.36,4.39,2.07
Split bengal gram burfi/fudge (Channa dal burfi),287.36,54.63,4.65,7.09,2.06
Chickpea flour cookies (Sweet besan rounds/cookies),207.01,39.64,4.29,3.42,2.56
Pearl millet mathri (Bajra mathri),785.08,7.42,1.82,83.12,1.36
Sesame biscuit (Til ke biscuit),424.03,53.65,8.27,19.34,6.83
Fermented bengal gram vada (Khameerikrit/Ufna hua channa dal ka vada),657.57,8.68,4.05,67.19,2.65
Poshtik namak paras,613.39,19.52,6.49,56.58,4.55
Soya chikki,423.7,62.89,7.18,15.51,3.55
Besan bathua chilla/cheela,373.82,40.65,11.48,18.57,7.79
Wheat flour and nuts ladoos (Atta nuts ladoos),391.9,44.31,9.46,19.19,7.3
Gram flour and semolina dhokla (Besan suji dhokla),198.91,25.92,8.52,7.1,4.59
Atta dal burfi,298.8,40.64,6.66,12.47,4.08
Soya roti,283.96,40.03,9.18,9.23,8.71
Poshtik khichdi/khichri,93.37,15.64,3.04,1.88,2
Namkeen daliya,295.11,49.32,8.29,7.99,8.57
Sprouts upma,316.25,44.96,9.5,10.44,7.16
Semolina idli (Suji/Rava idli),206.39,33.67,9.34,3.47,5.85
Poshtik chilla/cheela,159.53,27.47,4.85,3.04,4.91
Stuffed bittergourd (dry) (Bharwa karela),217.65,2.49,1.29,22.38,3
Cauliflower potato canjee,16.79,2.63,0.57,0.39,0.69
Creamed spinach,96.91,4.44,5.18,6.39,1.33
Mango milkshake with ice cream (Aam milkshake ice cream��ke��saath),68.35,9.18,1.93,2.8,0.23
Pineapple milkshake with ice cream (Ananas milkshake ice cream��ke��saath),68.49,9.33,1.93,2.75,0.42
Orange milkshake with ice cream (Narangi milkshake ice cream��ke��saath),67.82,9.15,1.95,2.75,0.16
Woodapple juice (Bel ka sharbat),34.18,6.51,0.63,0.7,1.03
Sattu drink,23.38,5.16,0.56,0.14,0.4
Apple and honey sorbet (Seb aur shehad ka sharbat),121.3,30.74,0.15,0.29,1.13
Thandai,101.18,9.13,3.59,5.89,0.8
Cucumber sharbat (Kheere ka sharbat),27.28,6.64,0.26,0.06,0.78
Apple oats chia seed smoothie,85.64,13.07,3.49,2.48,1.44
Nannari sharbat,88.79,23.62,0.01,0.01,0
Semolina milk drink (Thari kanji),44.16,6.93,0.98,1.36,0.72
Saffron milk (Kesariya doodh),102.18,12.64,3.17,4.57,0.14
Black rice kheer (Chak-hao kheer),147.94,22.93,4.37,4.91,0.76
Coconut kheer (Nariyal ki kheer),162.61,14.42,3.4,10.55,1.53
Apple sago payasam (Seb aur sabudana ki kheer),136.5,14.4,3.13,7.66,0.38
Kesari bath,244.57,31.38,2.4,12.59,1.65
Putharekulu,318.3,59.61,3.66,7.55,1.75
Mango malpua,334.64,12.84,1.65,30.67,2.08
Mango vanilla custard,147.63,18.41,3.43,7.04,0.99
Kiwi granola pudding,280.99,32.33,5.6,15.36,3.71
Oats burfi,425.19,62.47,8.89,17.27,4.96
Lotus seed halwa (Kamal gattay ka halwa),370.55,39.56,7.79,20.69,0.42
Amaranth ladoo (Rajgira ladoo),454.15,51.33,10.12,22.7,5.11
Chhena poda,344.57,33.64,13.68,17.94,1.4
Sweet couscous dessert,196.2,29.69,3.81,7.69,2.18
Sweetened yogurt (Shrikhand),107.18,16.02,5.27,2.89,0.08
Thickened sweetened milk (Rabri),102.79,10.55,3.52,5.35,0.19
Gram flour halwa (Besan halwa),276.79,25.78,5.88,17.3,1.82
Prawn sandwich,169.65,11.89,10.36,9.27,1.55
Watercress sandwich,229.42,28.03,5.17,11.47,2.26
Fish sandwich,150.2,10.09,4.72,10.37,1.23
Kidney bean sandwich with cottage cheese,176.64,18.86,9.85,6.84,3.66
Finger millet biscuit (Ragi biscuit),458.56,52.69,4.03,25.79,5.97
Buttermilk biscuit,322.54,34.93,5.76,17.5,1.18
Lemon cookies,394.48,42.19,5.63,23.02,0.78
Sweet potato biscuit (Shakarkand ke biscuit),296.4,38.13,5.14,13.31,2.27
Raspberry shortbread cookies,441.12,61.25,3,21.25,0.75
Pumpkin cookies,218.4,44.69,2.51,3.93,1.06
Greenpea cookies,159.42,23.07,6.53,4.24,5.32
Sunflower cookies,520.62,40.06,9.49,36.28,3.95
Cardamom cookies (Elaichi cookies),400.49,53.99,5.1,19.12,2.79
Hazelnut cookies,493.32,39.44,6.25,34.97,2.45
Milk cookies,459.43,48.43,10.49,24.96,0.99
Cranberry cookies,272.48,36.39,3.92,12.66,1.13
Olive biscuit,438.29,55.01,3.2,23.75,0.82
Tutti fruitti biscuit,420.78,53.12,5.21,17.9,5.43
Peach blueberry preserves,177.38,45.76,0.53,0.2,1.14
Pear preserves (Naashpati ka murabba),101.24,25.67,0.25,0.19,3.06
Starfruit preserves,128.93,33.62,0.24,0.12,0.78
Gooseberry pickle (Amla ka achaar),278.58,7.61,1.55,27.61,3.7
Lotus stem pickle (Kamal kakdi ka achar),102.69,20.07,1.44,1.6,8.58
Date pickle (Khajoor ka achaar),182.29,34.66,1.68,4.21,5.2
Garlic pickle (Lahasun ka achar),413.62,9.75,3.72,39.88,5.13
Fermented bamboo shoot pickle (Mesu pickle),59.83,1.73,1.58,5.59,2.24
Sweet peach pickle (Aadoo ka achaar),144.64,37.01,0.46,0.2,1.32
Pickled mustard greens,13.12,1.05,1.51,0.22,1.7
Small onion pickle,16.86,2.76,1.65,0.64,1.09
Green tomato pickle (Haray tamatar ka achaar),193.26,2.87,1.23,19.67,1.74
Pickled cabbage,13.69,2.56,0.39,0.14,0.61
Coconut pickle (Nariyal ka aachar),517.26,11.53,3.02,51.71,6.35
Potato pickle (Aloo ka achaar),369.14,7.87,2.07,36.46,2.21
Mango murabba candy,293.35,77.32,0.27,0.05,0.95
Afghani chicken,151.51,1.95,15.66,9.07,0.31
Fish orly,563.7,4.27,5.87,58.18,0.33
Hariyali Fish Tikka,150.24,2.21,14.01,9.41,0.99
Chicken manchurian,142.34,6.06,9.53,11.96,0.41
Handi chicken,166.02,1.49,12.32,12.46,0.67
Lemon chicken,169.79,0.55,20.2,9.66,0.16
Lemon butter fish,160.25,0.75,16.38,10.26,0.36
Baked eggs in tomato sauce,80.05,3.78,4.92,5.22,0.01
Egg in a pepper,128.78,0.17,12.64,8.68,0.17
Spinach mushroom scrambled egg (Palak mushroom bhurji),158.85,0.59,13.28,11.51,0.39
Corn omelette/omlet,166.93,1.57,11.37,12.89,0.02
Cajun chicken,184.94,1.94,12.69,13.99,0.89
Paaner do pyaza,127.7,3.41,4.22,10.87,0.84
Cabbage manchurian (Pattagobhi manchurian),224.26,4.85,0.64,22.48,0.37
Gobi 65,278.29,3.59,0.56,29.11,0.57
Paneer lababdar,105.48,3.37,3.98,8.46,1.16
Roasted cauliflower steak,78.68,2.02,2.05,6.7,3.53
Sauteed radishes with green beans,94.32,6.04,2.41,6.61,3.52
Garlic chutney/Poondu chutney (Lahasun ki chutney),255.51,20.44,3.34,17.55,5.15
Schezwan chutney,205.19,10.79,3.33,17.72,5.72
Onion chutney (Pyaaz ki chutney/Vengaya chutney),143.94,13.52,2.97,8.38,4.6
Dates chutney (Khajoor ki chutney),103.57,21.69,1.07,1.12,3.41
Chicken salad,338.19,1.3,15.33,30.26,2
Macaroni salad,262.19,21.63,5.02,17.78,0.56
Cabbage raita (Pattagobhi raita),84.84,5.25,3.24,5.76,0.93
Pomegranate raita (Anaar ka raita),72.64,7.15,4.05,3.24,0.6
Onion raita (Pyaaz ka raita),71.56,7.86,4.86,2.43,0.65
Green chilli raita (Hari mirch ka raita),77.13,7.66,5.58,2.92,0.26
Kale salad,177.71,5.01,4.86,15.33,1.36
Spinach and paneer souffle,186.19,9.64,7.56,13.49,1.07
Masala souffle,123.51,8.02,6.38,7.37,1.24
Chicken and cheese souffle,182.35,3.47,9.07,14.74,0.26
Tamarind chutney (Chintapandu pachadi/Puli chutney),109.15,25.07,0.88,0.48,1.65
Pav bhaji masala,230.47,29.15,9.13,10.96,24.3
Green chutney,79.42,10.01,5.42,1.6,5.84
Sago khitchdi/khichri (Sabudana khitchdi/khichri),187.16,22.41,2.72,10.1,1.82
Gram flour chilla/cheela (Besan chilla/cheela),135.93,21.03,7.8,2.85,4.25
Vegetable namkeen jave,112.23,18.98,2.93,2.51,2.86
Khakhra,178.5,27.66,4.78,5.32,5.43
Moong bean dosa (Pesarattu),285.96,31.91,12.32,11.67,6.04
Methi thepla,346.16,41.34,8.98,15.95,7.56
Rice puttu (Ari puttu),81.98,11.82,1.26,3.13,0.76
Buckwheat pancake (Khura),263.3,27.28,2.91,16.43,0.56
Quinoa khichdi/khichri,64.01,8.83,3.18,1.59,2.58
Khakhra chaat,358.66,16.64,4.52,30.65,3.04
Banana appam,469.81,20.06,1.17,42.53,0.67
Veg manchurian,585.64,6.82,0.89,61.65,1.16
Pav bhaji,96.53,11.99,2.66,4.32,1.98
Rice murukku,593.99,33.29,5.41,48.22,2.18
Bhel puri,509.89,16.47,3.52,47.91,2.24
Semolina dhokla (Suji/Rava dhokla),194.91,30.86,5.44,5.2,5.12
Spicy corn chaat,479.8,11.45,4.61,46.55,2.17
Jackfruit fritters (Ponsa mulik/Kathal ka pakora),597.79,24,2.34,54.41,1.5
Banana chips (Kele ke chips),665.67,7.32,0.37,70.46,0.65
Wheat cake,314.63,41.13,4.79,14.95,2.76
Mango cheesecake,152.46,20.06,2.39,7.3,1.14
Carrot cake (Gajar ka cake),255.59,35.98,5.6,10.27,2.93
Semolina cake (Suji/Rava cake),374.14,31.32,6.58,25.18,5.37
Finger millet cake (Ragi cake),279.46,38.93,3.96,12.27,2.35
Honey cake,333.59,49.04,3.08,14.7,0.51
Almond cardamom cake (Badam elaichi cake),356.35,34.53,7.18,21.36,2.35
Tutti frutti cake,347.72,52.94,4.49,12.68,0.85
Ham and Bean soup,96.04,4.18,10.61,4.15,0.54
Whey soup,68.91,6.26,3.45,3.34,0.84
Bottle gourd soup (Ghiya/Lauki soup),23.05,1.16,0.45,1.79,0.96
Baked potato soup,147.05,5.85,5.73,11.21,0.3
Pumpkin soup,40.05,2.08,0.47,3.2,1.19
Sweet corn soup,32.25,3.56,0.99,1.63,0.31
Paneer soup,47.85,2.42,3.22,2.8,0.28
Curried Cauliflower soup,37.32,3.12,6.72,9.77,2.34
Millet soup,55.99,8.22,11.26,12.57,2.82
Lemon coriander soup,108.06,10.32,2.27,6.26,6.77
Garlic soup,194.86,6.99,2.38,17.62,1.66
Dal makhani,74.04,7.96,3.32,3.06,2.27
Dalma,118.93,15.04,4.91,4.58,2.16
Split bengal gram dal (Channa dal),99.67,9.99,4.15,4.62,3.72
Horsegram dal (Kulthi dal),55.65,8.21,2.91,1.13,1.52
Panchmel dal,111.22,10.71,4.63,5.36,3.2
Dal dhokli,68.74,8.55,2.96,2.47,1.86
Gujarati handvo,207.09,31.86,8.24,4.8,4.95
Sev (Omapodi/Karapusa),609.14,12.87,5.12,60.08,2.35
Papdi,708.96,12.89,1.83,72.11,0.56
Jowar dosa,294.35,40.53,8.5,10.28,5.56
Bread roll,435.46,16.12,2.85,40.25,1.45
Soya seekh kebab,115.05,10,5.4,5.88,2.24
Classic seasoned black beans,28.78,7.66,8.01,8.28,3.51
Maa chaane ki dal,344.67,43.11,19.8,9.5,13.45
Garlic chickpea soup (Lahasun aur chane ka shoraba),89.53,13.92,4.45,2.01,2.84
White sauce (thin),115.17,6.58,3.31,8.41,0.07
White sauce (medium),151.27,7.98,3.36,11.76,0.14
White sauce (thick),209.69,10.24,3.43,17.19,0.24
Cheese sauce,194.76,7.08,7.68,15.12,0.12
Egg sauce,146.85,5.88,5.97,11.08,0.12
Mushroom sauce,137.56,7.31,3.39,10.51,0.47
Mustard sauce,158.58,8.29,3.98,12.17,0.13
Brown sauce,109.18,5.38,11.92,23.67,1.69
Classic italian pasta,42.12,4.4,0.57,2.45,1.36
Pasta spinach sauce,85.46,1.76,1.76,7.9,0.86
Pasta cheese sauce,149.26,9,4.33,10.84,0.14
Mayonnaise,774.86,1.65,1.86,84.52,0.11
Low calorie quick mayonnaise,242.89,4.71,1.41,24.35,0.06
Thousand island dressing,407.87,4.49,1.37,42.87,0.46
Curd dip,79.95,7.95,5.04,3.36,0.1
Short crust pastry,422.1,44.72,6.11,23.98,1.58
Choux pastry,222.37,16.2,5.55,14.96,0.56
Flaky pastry,443.94,33.61,4.69,31.99,1.25
Sponge cake,253.77,44.63,9.18,4.74,0.69
Glace icing,323.51,86.31,0.01,0.01,0
Royal icing,332.58,86.53,1.74,0.02,0
American frosting,257.57,67.48,1.05,0.01,0
Gum icing,223.07,53.19,5.94,0,0
Channa murmura premix,339.09,72.59,10.59,3.28,8.21
Cracked wheat and green gram dal premix (Dalia moong dal premix),362.16,64.75,15.89,5.11,11.66
Rice flakes and roasted channa,333.4,71.94,10.57,2.94,8.84
Spinach soup in milk,56.72,3.98,2.89,3.2,0.79
Vegetable soup,55.21,7.6,2.22,1.55,3.01
Mashed banana with milk,95.43,14.62,2.51,2.99,0.71
Poha with curd (Poha aur dahi),173.32,26.72,6.01,4.65,1.09
Potato with curd,73.18,12.01,3.19,1.33,1.02
Sweet wheat porridge (Sweet dalia),140.66,23.77,5.11,2.79,2.37
Vegetable khichdi/khichri,143.17,19.57,5.61,4.53,2.45
Moong dal mixture,158.84,33.93,4.62,1,1.9
Cracked wheat khichri/khichdi (Dalia khichri/khichdi),167.45,22.35,7.56,5.52,3.74
Stewed apple,91.93,22.49,0.17,0.37,1.48
Lemon squash (Nimbu ka squash),184.56,48.88,0.15,0.06,0
Orange squash (Santre ka squash),193.26,50.88,0.22,0.04,0.4
Lichi squash,198.33,51.96,0.3,0.08,0.41
Mango squash (Aam ka squash),194.66,50.96,0.17,0.17,0.58
Pineapple squash (Ananas ka squash),195.02,51.34,0.16,0.05,1.06
Lemon and ginger squash (Nimbu aur adrak ka squash),170.34,44.06,0.54,0.21,1.07
Apple jam (Seb ka murabba),188.79,48.56,0.14,0.32,1.29
Plum jam (Aloo bukhara jam),178.89,46.2,0.31,0.19,1
Pineapple jam,149.18,38.27,0.32,0.15,2.2
Guava jelly (Amrood ki jelly),115.74,28.18,1.11,0.25,6.61
Orange marmalade (Santray ka murabba),104.17,25.94,0.66,0.13,1.97
Carrot murabba (Gajar ka murabba),175.24,45.6,0.32,0.16,1.39
Gooseberry marmalade (Amla murabba),123.16,32.34,0.14,0.03,0
Ginger candy (Adrak ki candy),195.71,50.38,0.69,0.27,1.67
Mango pickle (Aam ka achaar),192.12,8.11,1.6,17.89,3.68
Mixed vegetable pickle (Sabziyoon ka achaar),211.2,7.48,1.9,19.68,2.76
Sweet lemon pickle (Neembu ka meetha achaar),69.54,16.87,1.22,0.21,2.13
Plum chutney (Aloo bukhara ki chutney),177.11,44.95,0.47,0.29,1.37
Raw mango chutney (Kachhe aam/Kairi ki chutney),193.13,49.94,0.51,0.16,2.17
Tomato sauce,34.33,7.23,0.81,0.27,1.79
Tomato puree,20.62,3.68,0.75,0.25,1.56
Garam masala,254.21,26.2,9.89,10.97,35.56
Chat masala,222.58,23.87,8.19,9.91,18.62
Kashmiri masala,389.02,23.16,8.26,31.03,12.12
Rasam powder (Rasam masala),267.96,25.19,12.04,11.8,35.71
Sambar powder (Sambar masala),297.46,23.38,12.5,15.58,34.56
Tartare sauce,610.93,2.96,1.44,66.12,0.42
Barbeque sauce,121.93,20.46,0.96,4.51,0.69
Bread sauce,111.04,8.69,3.46,7.05,0.56
Green chilli sauce,46.06,7.36,1.25,0.27,1.77
Home made plain noodles,238.78,44.5,6.21,3.56,1.65
Dal moong,43.69,4.92,2.2,1.62,1.08
Cumin seeds baghar (Jeera baghar/tadka),736.81,5.22,3.34,78.77,6.01
Onion tomato baghar (Pyaaz tamatar ka tadka),137.52,6.17,1.26,11.98,2.12
Mustard seeds baghar (Mustard seed tadka),552.59,10.45,4.73,54.3,9.74
Hot cherry sauce,252.74,67.95,0.13,0.07,0
Apple jelly (Seb ki jelly),152.13,39.37,0.1,0.21,0.86
Marmalade (Murabba),143.76,37.64,0.23,0.04,0.43
Plum squash (Aloo bukhara squash),211.17,55.51,0.16,0.1,0.52
Lemon green chilli pickle (Nimboo aur hari mirch ka achaar),14.07,2.14,0.85,0.24,1.07
Brinjal pickle (Baingan ka achaar),139.01,4.23,2.24,12.98,4.62
Sweet and sour tomato pickle (Khatta meetha tamatar ka achaar),60.88,6.55,1.26,3.24,2.2
Jhatpat achar with carrot (Jhatpat achaar gajar ke saath),91.21,6.32,1.98,6.55,5.08
Tomato chutney (Tamatar ki chutney),176.07,31.85,0.97,6.01,1.49
Tomato ketchup,33.07,6.48,0.91,0.3,1.9
Bengal 5 Spice Blend (Panch Phoran),289.79,20,18.26,22.16,18.4
